control_after,year,month,block,total_lbs,total_value ,season
,2003,11,608,858,5982.04,6
,2004,1,643,418.1,3409.06,6
,2003,10,651,628.5,4399.5,6
,2003,10,652,3618.9,24417.83,6
,2003,11,652,3301.4,23689.97,6
,2003,12,652,1532.1,10846.315,6
,2004,1,652,885.8,7097.61,6
,2004,2,652,347.4,2717.975,6
,2004,3,652,562.3,4402.25,6
,2003,10,653,17223.79,113885.5875,6
,2003,11,653,5280.74,36264.836,6
,2003,12,653,2143.8,15129.125,6
,2004,1,653,1028.5,8357.375,6
,2004,2,653,333.58,2771.095,6
,2004,3,653,231.95,1735.025,6
,2004,8,653,514,616.8,6
,2003,10,655,4464.24,30796.68,6
,2003,11,655,3425.3,23644.76,6
,2003,12,655,1359.4,10164.23,6
,2004,1,655,497.9,4090.54,6
,2004,2,655,519.6,4336.81,6
,2004,3,655,81.82,707.415,6
,2003,10,656,1554.7,10882.9,6
,2003,11,656,1127.65,7961.06,6
,2003,12,656,675,4967.71,6
,2004,1,656,653.1,5319.9,6
,2004,2,656,209.1,1716.195,6
,2004,3,656,252.4,1876.05,6
,2003,11,664,72.9,512.775,6
,2004,1,664,14.63,117.04,6
,2003,10,665,4511.22,31856.082,6
,2003,11,665,4616.7,32788.225,6
,2003,12,665,2180.6,16321,6
,2004,1,665,905.4,7344.7,6
,2004,2,665,338.9,2839.97,6
,2004,3,665,171,1368,6
,2003,11,666,250.3,1689.525,6
,2003,10,667,62,372,6
,2003,10,678,589.9,4031.3,6
,2003,10,683,1218.4,8475.44,6
,2003,11,683,229.5,1805.125,6
,2003,12,683,22,176,6
,2004,2,683,67,540.42,6
,2004,3,683,55,495,6
,2003,10,686,323,2260.645,6
,2003,11,686,536.4,3778.3,6
,2003,12,686,1103.7,7989.6,6
,2004,2,686,575.2,4784.45,6
,2004,3,686,88.4,729.3,6
,2004,1,701,227.7,1821.6,6
,2003,12,702,34,255,6
,2004,1,702,32,240,6
,2004,2,702,24,192,6
,2003,10,703,369,2583,6
,2003,10,704,545.5,4364,6
,2003,11,704,350.5,2804,6
,2003,12,704,818,6485.715,6
,2004,1,704,595,5009.5,6
,2004,2,704,87,687.72,6
,2004,3,704,29,232,6
,2003,11,705,286.1,2074.225,6
,2003,10,712,441.1,2977.425,6
,2003,11,712,2283.6,16012.05,6
,2003,12,712,2282.7,16769.195,6
,2004,1,712,1058,8582.19,6
,2004,2,712,1751.6,14281.79,6
,2004,3,712,601.9,4989.255,6
,2004,1,714,5,37.5,6
,2004,2,714,278.5,2297.625,6
,2003,11,717,38,266,6
,2003,10,718,31.15,210.2625,6
,2003,12,718,98.7,715.575,6
,2003,10,719,5545.8,37920.85,6
,2003,11,719,3859.55,27321.03,6
,2003,12,719,4647.9,34153.775,6
,2004,1,719,6030.15,45858.8125,6
,2004,2,719,4278.7,32640.275,6
,2004,3,719,3106,24133.5,6
,2003,12,732,106.35,771.0375,6
,2003,10,733,10.3,69.525,6
,2004,1,734,44,308,6
,2003,12,735,13.45,97.5125,6
,2003,10,739,314.6,2221.8,6
,2003,11,739,52.65,381.7125,6
,2003,12,739,138.5,1004.125,6
,2004,1,739,145.85,1054.1625,6
,2004,2,739,39.4,295.5,6
,2003,10,740,451.1,3229.225,6
,2003,11,740,497.1,3670.725,6
,2003,12,740,1328.4,10110.3,6
,2004,1,740,21,144.5,6
,2004,2,740,115.1,823.025,6
,2004,3,740,228.25,1766.6875,6
,2003,11,750,93.1,791.35,6
,2004,2,750,68.5,582.25,6
,2003,11,751,136.5,1057.875,6
,2003,10,752,141.3,1006.65,6
,2003,12,752,25.6,179.2,6
,2004,1,752,13.8,110.4,6
,2003,12,754,433.3,3017.75,6
,2004,2,754,97,679,6
,2003,10,756,14606.25,105750.4205,6
,2003,11,756,3995.25,30745.235,6
,2003,12,756,2434.5,18569.55,6
,2004,1,756,1677.4,13282.2,6
,2004,2,756,1278.15,10233.3,6
,2004,3,756,841.5,6559.25,6
,2003,10,758,1426.5,8833.185,6
,2003,11,758,107.5,800.875,6
,2003,12,758,214,1585.75,6
,2003,10,760,360.8,2164.8,6
,2003,10,763,225.75,1693.125,6
,2003,10,767,217.2,1520.4,6
,2003,11,767,187,1309,6
,2004,1,770,25,0,6
,2003,10,800,197.2,1421.4,6
,2003,11,800,125.4,932.1,6
,2004,1,800,96.5,769.5,6
,2003,10,801,867.8,6800.4,6
,2003,11,801,741.5,5732,6
,2003,12,801,583.7,4469.4,6
,2004,1,801,242.8,2031.4,6
,2004,2,801,197.5,1678.75,6
,2004,3,801,163.5,1389.75,6
,2003,10,802,1587.4,10691.095,6
,2003,11,802,632.2,4183.8,6
,2003,12,802,531.2,3904.3,6
,2004,1,802,498.4,3938.175,6
,2004,2,802,156.9,1203.675,6
,2004,3,802,12,0,6
,2003,10,813,8171.6,57397.93,6
,2003,11,813,9665.9,69266.275,6
,2003,12,813,8279.2,61543.68,6
,2004,1,813,8001.1,64618.19,6
,2004,2,813,3777,31209.23,6
,2004,3,813,2538.1,20024.35,6
,2003,11,817,400.8,2805.6,6
,2003,10,822,2494.3,16934.15,6
,2003,11,822,356,2475,6
,2003,12,822,479.4,3461.5,6
,2004,2,822,108,891,6
,2004,3,822,86.1,371.25,6
,2004,2,823,66.4,547.8,6
,2003,10,829,6513.07,46337.445,6
,2003,11,829,1242,9121,6
,2003,12,829,667.45,5220.9125,6
,2004,1,829,549.3,4488.7,6
,2004,2,829,385,3272.5,6
,2004,2,832,9,81,6
,2003,10,840,61,427,6
,2003,12,840,107.5,860,6
,2004,1,847,97,776,6
,2003,10,850,2669.82,18774.521,6
,2003,11,850,3609.15,25325.565,6
,2003,12,850,2700.98,19503.465,6
,2004,1,850,1458.5,11449.6,6
,2004,2,850,73.95,591.6,6
,2003,12,852,83.7,606.825,6
,2003,11,861,117,994.5,6
,2004,2,861,6,54,6
,2004,3,861,133.12,875.5,6
,2003,10,862,52,364,6
,2003,11,862,68.6,522,6
,2003,12,862,38,266,6
,2004,2,862,21,168,6
,2004,1,863,46.5,372,6
,2003,10,864,321,2247,6
,2003,10,866,111,777,6
,2003,10,867,8972.4,63572.6,6
,2003,11,867,3933.1,28255.75,6
,2003,12,867,3004,21028,6
,2004,1,867,1151,8057,6
,2003,10,869,192,1344,6
,2003,11,869,61,427,6
,2003,12,869,407,3154.25,6
,2004,1,869,40,320,6
,2004,1,871,5.15,0,6
,2003,11,873,780,6045,6
,2004,2,880,22.65,195.85,6
,2004,3,880,37,333,6
,2003,11,881,394,3013.5,6
,2004,2,881,50,400,6
,2004,1,888,318.6,2628.45,6
,2003,11,897,1493,10043.55,6
,2003,12,897,3975.6,25272.725,6
,2004,1,897,1981.1,13091.9,6
,2004,2,897,2600.45,19105.3,6
,2004,3,897,1520.25,10668.05,6
,2003,12,904,54,486,6
,2003,10,1035,197.5,1303.425,6
,2004,12,613,212.9,1703.2,7
,2004,10,632,278.2,1877.85,7
,2004,10,651,341.8,2307.15,7
,2004,10,652,3742.99,26487.625,7
,2004,11,652,3902.5,26856.425,7
,2004,12,652,1982.75,15349.215,7
,2005,1,652,3145,25145.42,7
,2005,2,652,730.94,6109.79,7
,2005,3,652,340.7,2919.65,7
,2004,10,653,13242.4,94060.2125,7
,2004,11,653,3309.6,25870.845,7
,2004,12,653,1977.97,14593.685,7
,2005,1,653,718.57,5590.66,7
,2005,2,653,280.65,1472.725,7
,2005,3,653,222.3,1698.2,7
,2004,10,655,8512.15,57033.9875,7
,2004,11,655,2979.6,18659.44,7
,2004,12,655,1795,14189.465,7
,2005,1,655,1369.1,10984.9,7
,2005,2,655,732.3,6136.35,7
,2005,3,655,465.1,4085.6,7
,2004,10,656,2344.5,16485.75,7
,2004,11,656,1140.8,7965.82,7
,2004,12,656,681,5429.07,7
,2005,1,656,294.6,2296.8,7
,2005,2,656,669.4,5689.9,7
,2005,3,656,193.5,1644.75,7
,2005,1,658,759.98,6079.84,7
,2004,11,664,10.44,75.69,7
,2004,10,665,8838.7,62773.9,7
,2004,11,665,5755.4,41401.17,7
,2004,12,665,3102.95,25066.24,7
,2005,1,665,3379.4,27053.77,7
,2005,2,665,1190.55,10119.675,7
,2005,3,665,941.7,8217.525,7
,2004,12,682,271,2051,7
,2004,10,683,1295.5,9281.375,7
,2004,11,683,2346.5,17709.3,7
,2004,12,683,823.5,6495.5,7
,2005,1,683,2325.2,18601.6,7
,2005,2,683,714.7,5786.2,7
,2005,3,683,65.15,535.3625,7
,2004,10,686,903.35,6175.9,7
,2004,11,686,558.7,3963.655,7
,2004,12,686,228.9,1831.2,7
,2005,1,686,268,2144,7
,2005,2,686,492.9,4032.37,7
,2005,3,686,451.4,3836.9,7
,2005,2,702,140,1120,7
,2005,3,702,10,80,7
,2004,10,704,59,486.75,7
,2004,11,704,205,1691.25,7
,2004,12,704,883.25,7238.2625,7
,2005,1,704,2002,16194,7
,2005,2,704,277,2236,7
,2004,10,706,624.4,4789.15,7
,2004,11,706,88.3,640.175,7
,2004,10,712,5458.1,37076.075,7
,2004,11,712,4827.7,33572.355,7
,2004,12,712,3838.7,30290.775,7
,2005,1,712,3154,25098.4,7
,2005,2,712,1214.5,9952.15,7
,2005,3,712,609.5,5080.45,7
,2004,10,714,551.6,3723.3,7
,2005,2,715,17,0,7
,2004,10,718,1006.8,6452.5,7
,2004,11,718,309.5,2004.125,7
,2004,12,718,96.45,675.15,7
,2005,1,718,807.75,6115.125,7
,2005,2,718,1038.65,7833.6,7
,2005,3,718,203.75,1555.175,7
,2004,10,719,11170.6,76722.23,7
,2004,11,719,10258.6,70245.59,7
,2004,12,719,8879.43,67015.2,7
,2005,1,719,14998.57,114866.2,7
,2005,2,719,7854.1,62263.5,7
,2005,3,719,2945.3,22896.5,7
,2004,10,721,1134,7654.5,7
,2005,1,721,43.5,348,7
,2004,10,728,59.4,386.1,7
,2004,10,730,485.8,2501.15,7
,2004,11,732,78,526.5,7
,2004,12,732,9.45,66.15,7
,2004,10,739,90,675,7
,2004,11,739,579.4,3798.4125,7
,2004,12,739,92.45,686.5,7
,2005,1,739,81.4,610.5,7
,2005,2,739,28,224,7
,2005,3,739,33,247.5,7
,2004,12,740,39.7,277.9,7
,2005,1,740,244.9,1760.6,7
,2005,2,740,112.1,838.5,7
,2005,3,740,203.8,1528.5,7
,2005,2,750,48.6,388.8,7
,2004,12,753,29.9,239.2,7
,2004,10,754,516.2,3742.45,7
,2004,11,754,84.8,551.2,7
,2004,10,756,11261.6,82407.463,7
,2004,11,756,3475.35,26849.2,7
,2004,12,756,3097.8,24522.475,7
,2005,1,756,3426.2,28773.5,7
,2005,2,756,1977.3,16354.1,7
,2005,3,756,1042.5,8443.6,7
,2004,10,758,211,1582.5,7
,2004,11,758,411.48,2974.26,7
,2005,1,758,276,1932,7
,2004,10,767,926.3,6351.575,7
,2004,10,800,679,4413.5,7
,2004,11,800,161,1046.5,7
,2004,12,800,54.6,382.2,7
,2004,10,801,1814.6,13148.8,7
,2004,11,801,509,4233.5,7
,2004,12,801,1055.5,2876.25,7
,2005,1,801,806.35,6626.3,7
,2005,2,801,371.25,3013.45,7
,2005,3,801,75.5,491,7
,2004,10,802,1858.1,12217.7,7
,2004,11,802,1021.1,6731.11,7
,2004,12,802,2727.05,20608.6125,7
,2005,1,802,1466.8,11710.4,7
,2005,2,802,551.2,4409.6,7
,2005,3,802,180,1280,7
,2004,10,803,122,915,7
,2004,10,806,1361,9504.5,7
,2004,10,813,8387.7,60501.375,7
,2004,11,813,6975.8,50468.55,7
,2004,12,813,6554.9,52189.6,7
,2005,1,813,7559.2,61955.2,7
,2005,2,813,2252.7,18887.85,7
,2005,3,813,1688.2,14110.51,7
,2004,11,820,119.8,593.9,7
,2004,10,822,6674.4,43740,7
,2004,10,827,83.6,543.4,7
,2004,10,828,207,1345.5,7
,2004,12,829,169,1267.5,7
,2004,10,843,500,3250,7
,2004,10,848,1775,11537.5,7
,2004,11,848,220.44,1653.3,7
,2004,12,848,171.02,1368.16,7
,2004,10,850,9325.08,65715.1625,7
,2004,11,850,6587.95,44976.9975,7
,2004,12,850,3952.4,28134.3,7
,2005,1,850,726.8,4300.8,7
,2004,10,861,206,1648,7
,2004,11,861,76,608,7
,2004,12,861,65,520,7
,2005,1,861,106,901,7
,2005,2,861,55,467.5,7
,2004,10,862,164,1066,7
,2004,11,862,180,1170,7
,2004,12,862,199,1592,7
,2004,10,864,575,3737.5,7
,2004,10,867,3574.7,22828,7
,2004,11,867,3719,24173.5,7
,2004,12,867,2764.8,20154.9,7
,2005,1,867,786,5109,7
,2005,2,867,1168.5,7742.2,7
,2005,3,867,620.1,4488,7
,2004,12,869,91,637,7
,2004,11,880,72.36,519.825,7
,2004,12,880,186.63,1493.04,7
,2004,11,883,47.2,320.96,7
,2004,10,897,264.5,1282.5,7
,2004,11,897,925.9,6218.075,7
,2004,12,897,5616.65,37285.35,7
,2005,1,897,342.1,2736.8,7
,2005,2,897,718.85,5645.7,7
,2005,3,897,86.6,692.8,7
,2004,12,1035,106.2,902.7,7
,2005,12,605,96,912,8
,2006,1,605,169,1622.4,8
,2005,10,608,172.1,1419.825,8
,2005,12,608,577.5,5775,8
,2005,10,611,108,864,8
,2005,10,619,45.8,366.4,8
,2006,2,637,37.4,355.3,8
,2006,1,649,326.6,3414.39,8
,2005,10,652,5988.4,41532.675,8
,2005,11,652,3629.93,31187.55,8
,2005,12,652,2890.8,26753.65,8
,2006,1,652,1509.6,14866.36,8
,2006,2,652,746.5,7754.435,8
,2006,3,652,592.5,5682.05,8
,2005,10,653,7773.82,58970.46,8
,2005,11,653,5115.1,42257.52,8
,2005,12,653,2791.8,24056.96,8
,2006,1,653,606.71,6059.665,8
,2006,2,653,47,517,8
,2006,3,653,86.08,780.09,8
,2005,10,655,3395,27277.3,8
,2005,11,655,3251.7,27373.965,8
,2005,12,655,658.9,6403.255,8
,2006,1,655,517.6,5218.01,8
,2006,2,655,709.5,7243.5,8
,2006,3,655,265.4,2701.25,8
,2005,10,656,443.6,3548.8,8
,2005,11,656,305.5,2684.94,8
,2006,2,656,301.8,2725.8,8
,2006,3,656,119.3,1231.1,8
,2005,10,659,191.4,1531.2,8
,2006,1,664,263.9,2375.1,8
,2006,2,664,157.1,1413.9,8
,2006,3,664,156,1404,8
,2005,10,665,5992.9,48056.475,8
,2005,11,665,4920,41061.3,8
,2005,12,665,2034.9,18245.1,8
,2006,1,665,1868.8,16740.5,8
,2006,2,665,1050,10500,8
,2006,3,665,270.6,2706,8
,2006,2,668,60,600,8
,2006,3,668,66.1,793.2,8
,2005,11,682,576.9,4730.58,8
,2006,3,682,209.5,1945,8
,2005,10,683,384.5,3116.25,8
,2005,11,683,260.6,2183.35,8
,2005,12,683,811.7,5086.75,8
,2006,1,683,111.8,1118,8
,2006,2,683,164.9,1649,8
,2006,3,683,72.2,722,8
,2005,10,686,783.6,6405.9,8
,2005,11,686,631.4,5261.76,8
,2005,12,686,368.4,3525.675,8
,2006,1,686,400.4,3916.24,8
,2005,12,702,192.7,1664.625,8
,2005,10,704,38.5,308,8
,2005,11,704,40,320,8
,2005,10,712,1196,9568,8
,2005,11,712,2641.8,22463.9,8
,2005,12,712,1237.7,11418.63,8
,2006,1,712,319.35,3130.375,8
,2006,2,712,1758.6,17525,8
,2006,3,712,346.1,3461,8
,2005,10,718,302.1,2274.5,8
,2005,11,718,188,1504,8
,2005,12,718,100,900,8
,2006,2,718,21,173.25,8
,2006,3,718,99.55,821.2875,8
,2005,10,719,7958.3,60002.75,8
,2005,11,719,5528.4,42781.95,8
,2005,12,719,4075.99,34852.945,8
,2006,1,719,5575.9,51818.85,8
,2006,2,719,4058.23,36674.02,8
,2006,3,719,1950.35,18327.75,8
,2005,10,739,37.9,284.25,8
,2005,11,739,336.55,2524.125,8
,2005,12,739,285.75,2234.8125,8
,2006,1,739,14,126,8
,2006,3,739,182,1330,8
,2005,12,740,131.15,1065.1125,8
,2006,1,740,723.8,5971.35,8
,2006,2,740,229.2,1890.9,8
,2005,10,750,94,752,8
,2005,10,751,54.3,434.4,8
,2005,11,754,151,1208,8
,2005,10,756,11481.2,91135.2065,8
,2005,11,756,4115.08,33940.72,8
,2005,12,756,3388.45,37450.3025,8
,2006,1,756,3186.11,28750.1,8
,2006,2,756,3456.93,31335.335,8
,2006,3,756,3259.44,29723.65,8
,2006,7,756,136,136,8
,2005,10,758,125,957,8
,2005,11,758,309,2472,8
,2005,12,758,191.05,1528.4,8
,2006,1,758,58.3,524.7,8
,2005,10,767,169.5,1356,8
,2005,11,767,772.75,6207.11,8
,2006,2,767,66.25,612.8125,8
,2005,10,801,873,7420.5,8
,2005,11,801,739.4,6284.9,8
,2005,12,801,405.9,3501.9,8
,2006,1,801,522.45,4673.25,8
,2006,2,801,311.15,2797.85,8
,2006,3,801,184,1739.8,8
,2005,10,802,1418,10981.075,8
,2005,11,802,588.3,1991.1,8
,2005,12,802,28,238,8
,2006,1,802,98.35,885.15,8
,2006,2,802,143,1287,8
,2006,3,802,24,228,8
,2005,11,803,155,930,8
,2005,12,805,216,1512,8
,2006,1,805,28,196,8
,2005,10,806,2645.5,19577.9,8
,2005,11,806,1432.3,11669.95,8
,2005,12,806,648.6,5725.6,8
,2006,1,806,447,4023,8
,2006,2,806,87,826.5,8
,2005,10,813,7579.8,63762.575,8
,2005,11,813,8253.3,71506.865,8
,2005,12,813,4052.9,38842.05,8
,2006,1,813,4223,40592,8
,2006,2,813,3416.4,32677,8
,2006,3,813,2373.8,23236,8
,2006,2,820,50,255,8
,2005,10,822,3938.8,26737.675,8
,2005,11,822,290.2,2089.325,8
,2005,12,822,609.6,5230.5,8
,2006,1,822,90.1,810.9,8
,2006,2,822,344.35,3271.325,8
,2006,3,822,26.2,0,8
,2005,10,827,84.8,636,8
,2005,10,829,2512.4,19979.2,8
,2005,11,829,269,2281.75,8
,2005,10,850,7603.25,58396.6,8
,2005,11,850,10132.85,76278.875,8
,2005,12,850,4559.75,38301.41,8
,2006,1,850,1759.2,11536.6,8
,2006,2,850,1788.8,14893.6,8
,2006,3,850,29.95,247.0875,8
,2006,3,859,280,2730,8
,2005,10,861,31,263.5,8
,2005,11,861,357,3213,8
,2005,12,861,246,2214,8
,2006,1,861,41.5,373.5,8
,2006,2,861,32,304,8
,2005,11,862,117,994.5,8
,2005,12,862,32,288,8
,2005,12,866,35,315,8
,2005,10,867,12050.5,83570.5,8
,2005,11,867,5422.5,38009.25,8
,2005,12,867,2871.55,21890.75,8
,2006,1,867,1896,13272,8
,2006,2,867,589,4123,8
,2006,3,867,195,0,8
,2005,10,869,142.2,1044.7,8
,2005,11,869,145,1087.5,8
,2005,12,869,266.2,2068.6,8
,2005,10,870,849,6367.5,8
,2005,11,870,55,440,8
,2005,11,880,96,672,8
,2006,1,882,234.6,2111.4,8
,2005,10,890,4578,35183,8
,2005,12,890,693,5890.5,8
,2005,10,897,407.3,3258.4,8
,2005,11,897,1577.9,12780.175,8
,2005,12,897,2303.6,18221.9,8
,2006,1,897,1177.41,9655.89,8
,2006,2,897,861.8,6861.225,8
,2006,3,897,324.2,2453.8,8
,2005,10,1036,230,310.5,8
,2006,11,605,193,1852.8,9
,2007,1,605,100.6,1006,9
,2006,10,607,175.5,1579.5,9
,2006,11,607,154.6,1484.16,9
,2006,12,613,37.9,306.24,9
,2007,1,618,319,3190,9
,2007,2,618,274,2740,9
,2007,1,632,39.1,311,9
,2007,3,639,208,2704,9
,2006,10,640,86,129,9
,2006,10,652,5446.8,51021.88,9
,2006,11,652,3633.2,33940.245,9
,2006,12,652,1595.4,15143.235,9
,2007,1,652,806.7,8295.9,9
,2007,2,652,677.35,7112.0125,9
,2007,3,652,447.2,4698.6,9
,2006,10,653,7862.05,72222.4,9
,2006,11,653,4212.75,39987.5,9
,2006,12,653,1047.6,10122.265,9
,2007,1,653,370.5,3649.75,9
,2007,2,653,197.6,2047.25,9
,2007,3,653,161.25,1483.125,9
,2006,10,655,7749.6,73194.405,9
,2006,11,655,4600.6,43996.78,9
,2006,12,655,1793.8,17679.39,9
,2007,1,655,330.1,3515.125,9
,2007,2,655,171.3,1812.95,9
,2006,10,656,548.9,5265.775,9
,2006,11,656,794,7146,9
,2006,12,656,96.6,951.51,9
,2007,1,656,261.6,2735.5,9
,2007,2,656,71.15,747.075,9
,2007,3,656,358.4,3763.2,9
,2006,10,658,213.8,2031.1,9
,2006,11,658,111,1110,9
,2006,12,658,518,5180,9
,2006,10,662,10,0,9
,2006,10,664,405,3790.5,9
,2007,3,664,231.5,2478,9
,2006,10,665,5585.2,52143.8,9
,2006,11,665,10865.1,82853.38,9
,2006,12,665,2230.3,21926.32,9
,2007,1,665,787.2,8001.95,9
,2007,2,665,499.9,5194.275,9
,2007,3,665,101.6,1066.8,9
,2006,11,666,807.3,7750.08,9
,2006,12,666,2015.6,10460.51,9
,2007,3,667,101,1060.5,9
,2006,10,683,3630.7,35285.45,9
,2006,11,683,961.3,9229.55,9
,2006,12,683,2128.5,20993,9
,2007,1,683,845.5,8838.35,9
,2007,2,683,328.4,3448.2,9
,2007,3,683,11.5,120.75,9
,2006,11,686,333,2530.8,9
,2006,12,686,1638.3,16343.55,9
,2007,2,686,382.8,3800.7,9
,2007,1,702,53,477,9
,2007,2,702,552,4983,9
,2007,3,702,311,2848.5,9
,2006,10,704,1049.5,9813.8,9
,2006,11,704,978.6,9369.515,9
,2006,12,704,731.6,7272.99,9
,2007,1,704,266.9,2775.425,9
,2007,2,704,30,315,9
,2007,3,704,56,588,9
,2006,10,712,1996.5,18031.86,9
,2006,11,712,1963.5,18537.24,9
,2006,12,712,1429.9,13988.39,9
,2007,1,712,1258.4,12702.325,9
,2007,2,712,1539.5,15899.35,9
,2007,3,712,1255.5,13132.05,9
,2006,10,716,494.8,4453.2,9
,2007,1,716,365.6,3930.2,9
,2006,11,718,267.8,2410.2,9
,2006,10,719,7952,73681.325,9
,2006,11,719,9382.68,88162.52,9
,2006,12,719,11036.1,103784.175,9
,2007,1,719,7358.66,71579.02,9
,2007,2,719,6610.2,65080.6,9
,2007,3,719,2252.5,21952.85,9
,2006,10,722,557.55,5157.3375,9
,2007,3,726,21,199.5,9
,2006,11,730,144,1296,9
,2006,10,739,481.95,4419.825,9
,2006,11,739,228.4,2055.6,9
,2006,12,739,280.4,2566.6625,9
,2007,1,739,322.7,2984.975,9
,2007,2,739,249.35,2306.4875,9
,2007,3,739,207.7,1994.725,9
,2006,10,740,12,108,9
,2006,12,740,27.55,254.8375,9
,2007,1,740,141.05,1304.7125,9
,2007,1,747,143,1430,9
,2007,2,748,79,790,9
,2007,3,751,91,910,9
,2006,10,756,13743.11,127917.6625,9
,2006,11,756,9875.98,92487.156,9
,2006,12,756,6753.3,64487.416,9
,2007,1,756,1268.55,12502.9165,9
,2007,2,756,2441.6,24866.1625,9
,2007,3,756,1103.66,10543.675,9
,2006,10,758,223.01,2007.09,9
,2007,2,763,267,2670,9
,2006,10,767,850.9,8199.575,9
,2007,1,767,12.4,111.6,9
,2007,2,767,185.25,1898.8125,9
,2007,2,773,66.7,616.975,9
,2006,10,801,4243.2,35616.6,9
,2006,11,801,789.35,7231.825,9
,2006,12,801,1836.6,17865.85,9
,2007,1,801,112.2,1122,9
,2007,2,801,242.9,2489.725,9
,2006,10,802,1434,13549,9
,2006,11,802,800.1,7549.775,9
,2006,12,802,3357,32395.275,9
,2007,1,802,1678.45,16566.0375,9
,2007,2,802,274.15,2806.6875,9
,2006,10,806,3890.6,34422.35,9
,2006,11,806,1675,15741,9
,2006,12,806,1688,16458,9
,2007,1,806,708,7018.75,9
,2007,2,806,384,4032,9
,2007,3,806,164,1722,9
,2006,10,813,6885.9,64572.55,9
,2006,11,813,4272.3,40439.1,9
,2006,12,813,2820.7,27682,9
,2007,2,813,2455.9,25230.45,9
,2007,3,813,1538.4,15573.6,9
,2006,10,822,2500.85,23098.4375,9
,2006,11,822,466.35,4392.6625,9
,2006,12,822,27,249.75,9
,2007,2,822,129.3,1325.325,9
,2007,3,822,394.45,4043.1125,9
,2006,10,827,66.9,602.1,9
,2006,11,829,254,2286,9
,2006,10,841,271.25,2373.4375,9
,2006,10,849,4228.4,35537.9,9
,2006,11,849,4097.25,35894.25,9
,2006,12,849,183,1555.5,9
,2007,1,849,88,814,9
,2006,10,850,19631.1,171356.375,9
,2006,11,850,11850.85,108812.15,9
,2006,12,850,6149.4,56595.25,9
,2007,1,850,2970.3,27053.35,9
,2007,2,850,503.2,4620.3,9
,2007,3,850,379.5,3315.75,9
,2006,10,858,1575.8,14970.1,9
,2007,1,861,12,96,9
,2006,10,867,5000.3,39816.55,9
,2006,11,867,3093,24744,9
,2006,12,867,2280.1,19482.1,9
,2007,1,867,1188.4,10531.8,9
,2007,2,867,4,36,9
,2007,3,867,1313,12414.75,9
,2006,12,868,26.5,251.75,9
,2006,10,869,1229.1,9778.3,9
,2006,11,869,314.2,2887.3,9
,2007,2,869,24.8,260.4,9
,2006,10,870,517,4136,9
,2007,2,880,26,273,9
,2006,10,897,149,1192,9
,2006,11,897,255,2040,9
,2006,12,897,1464.15,14136.4625,9
,2007,1,897,3011,29380.9125,9
,2007,2,897,370.8,3631.575,9
,2007,3,897,1027.6,9947,9
,2006,12,1034,55,550,9
,2007,10,605,197.5,2172.5,10
,2007,12,605,209.1,2362.83,10
,2008,1,605,123.2,1392.16,10
,2007,11,606,85.9,970.67,10
,2007,12,606,91,1028.3,10
,2008,3,609,167.1,2005.2,10
,2007,10,611,6.68,73.48,10
,2007,12,613,79.4,897.22,10
,2007,11,650,74.7,836.64,10
,2008,3,650,158.4,1821.6,10
,2007,10,652,1001.6,10881.38,10
,2007,11,652,1702.05,18981.79,10
,2007,12,652,999.2,11187.63,10
,2008,1,652,539.7,6159.725,10
,2008,2,652,694.1,8159.2925,10
,2008,3,652,501,5648.325,10
,2007,10,653,11465.79,124059.11,10
,2007,11,653,3904.63,42084.1175,10
,2007,12,653,1905.09,21201.445,10
,2008,1,653,1437.25,16403.875,10
,2008,2,653,372.45,4503.345,10
,2008,3,653,149.4,1606.58,10
,2007,10,655,1534.85,17305.34,10
,2007,11,655,1120.3,13321.73,10
,2007,12,655,381.6,4549.73,10
,2008,1,655,1126.9,13343.93,10
,2008,2,655,163.4,1932.095,10
,2007,10,656,1173.9,12947.84,10
,2007,11,656,627,7077.93,10
,2007,12,656,424.7,4828.19,10
,2008,1,656,101,1111,10
,2007,10,658,15.85,178.3125,10
,2007,12,658,446,4906,10
,2008,2,658,114,1254,10
,2007,10,663,200,2200,10
,2007,10,665,5289.66,57270.285,10
,2007,11,665,2919.7,32795.99,10
,2007,12,665,1656.1,18839.83,10
,2008,1,665,2895.8,33366.09,10
,2008,2,665,1359.6,15582.88,10
,2008,3,665,96.4,1137.52,10
,2007,11,666,354.5,3980.7,10
,2007,12,666,659.9,7456.87,10
,2008,1,666,207.8,2348.14,10
,2008,1,678,77,870.1,10
,2007,10,682,671.1,7238.65,10
,2007,11,682,380,3990,10
,2007,12,682,443.03,4720.43,10
,2008,1,682,403.2,4435.2,10
,2007,10,683,1760.8,19436.475,10
,2007,11,683,340.8,3989.7,10
,2007,12,683,553.6,6518.48,10
,2008,1,683,515.4,5956.69,10
,2008,2,683,538,6391.76,10
,2008,3,683,42,483,10
,2007,11,686,267.3,3020.49,10
,2008,1,686,384.1,4340.33,10
,2008,3,686,487.1,5764.3,10
,2007,10,700,391.6,4307.6,10
,2008,1,702,25.6,275.2,10
,2008,2,702,34,340,10
,2007,10,704,251.6,2824.9,10
,2007,11,704,105.8,1216.7,10
,2007,12,704,225.5,2435.5,10
,2008,1,704,320.1,3610.75,10
,2008,2,704,189.3,2216.64,10
,2007,10,712,2313.25,25358.375,10
,2007,11,712,1057.8,11851.96,10
,2007,12,712,657.5,7446.42,10
,2008,1,712,762.3,8885.76,10
,2008,2,712,1031.7,10695,10
,2008,3,712,163.6,1097.5,10
,2007,10,718,32,320,10
,2007,11,718,340.2,3572.1,10
,2007,12,718,211.9,2291.4,10
,2008,1,718,130.4,1401.8,10
,2008,2,718,96.2,1058.2,10
,2007,10,719,8717.95,90890,10
,2007,11,719,5244.45,46608.64,10
,2007,12,719,6897.3,73723.925,10
,2008,1,719,11680.8,132515.6375,10
,2008,2,719,6673.1,76532.575,10
,2008,3,719,3124.2,35866.9,10
,2007,10,731,142.45,1424.5,10
,2007,11,739,263.65,2898.1125,10
,2007,12,739,121.3,1243.325,10
,2008,1,739,251.2,2612.35,10
,2008,2,739,106.2,1115.1,10
,2007,12,740,1005,10619.5,10
,2008,1,740,854,9394,10
,2008,2,740,558,6168,10
,2008,3,740,48.4,556.6,10
,2007,10,748,12,111,10
,2008,2,750,75,937.5,10
,2007,12,752,60.8,729.6,10
,2007,10,756,16289.6,170217.4335,10
,2007,11,756,4121.9,44427.796,10
,2007,12,756,3451.01,37884.075,10
,2008,1,756,1559.85,17240.5055,10
,2008,2,756,1454.05,16750.4,10
,2008,3,756,830.35,9324.75,10
,2007,10,758,571.4,6221.4,10
,2008,1,758,407.2,4581,10
,2007,12,759,55.4,623.25,10
,2007,11,760,92,966,10
,2007,11,767,75.4,754,10
,2007,10,801,729.45,7868.025,10
,2007,11,801,1225,13298.2,10
,2007,12,801,121.5,1215,10
,2007,10,802,1200.5,12844.9,10
,2007,11,802,468.95,5104.25,10
,2007,12,802,341.95,3761.45,10
,2008,1,802,472.3,5288.5125,10
,2008,2,802,410.45,4925.4,10
,2008,3,802,244.55,2934.6,10
,2007,12,803,41,410,10
,2007,10,806,3087.9,32210.2,10
,2007,11,806,255.5,2555,10
,2008,2,806,144.55,1734.6,10
,2007,10,813,5352.15,58941.2,10
,2007,11,813,11724.1,128123.7975,10
,2007,12,813,5476.1,56854.13,10
,2008,1,813,2805.65,29054.6,10
,2008,2,813,2809.7,32542.3,10
,2008,3,813,1143.3,11636.95,10
,2007,12,817,100,1050,10
,2007,10,822,1809.6,18608.125,10
,2007,11,822,95.85,1065.25,10
,2007,12,822,435.45,4510.2875,10
,2008,1,822,286.35,3319.7125,10
,2008,2,822,245,2940,10
,2007,10,827,29.5,324.5,10
,2008,1,831,358,3401,10
,2007,10,849,1088,9792,10
,2007,11,849,2605.7,25677,10
,2008,1,849,579.2,6081.6,10
,2007,10,850,19430.4,187792.4,10
,2007,11,850,8357.7,84713.65,10
,2007,12,850,6900.9,72445.075,10
,2008,1,850,4084.05,43340.275,10
,2008,2,850,709,7758,10
,2008,3,850,966.1,10082.05,10
,2007,10,861,338,3220.3,10
,2007,11,863,1347,12559,10
,2007,10,867,2686,25395.5,10
,2007,11,867,2210.8,21427.2,10
,2007,12,867,642,5820,10
,2008,1,867,394.35,4028.85,10
,2008,3,867,289.5,2047.5,10
,2008,1,869,52.01,598.115,10
,2008,2,875,734.6,7346,10
,2007,10,890,322.6,3505.2,10
,2007,11,897,373.2,4072.74,10
,2007,12,897,1622.4,17949.58,10
,2008,2,897,806,9672,10
,2008,3,897,419.45,5033.4,10
,2007,10,1033,44,462,10
,2007,12,1033,150.1,1651.1,10
,2008,2,1033,245,2633.75,10
,2007,11,1034,76,874,10
,2008,1,1034,36,396,10
,2008,10,605,641,6249.75,11
,2008,11,605,253,2466.75,11
,2009,1,611,15.4,154,11
,2008,10,613,70.9,815.35,11
,2008,10,632,60.1,561,11
,2009,3,632,32,0,11
,2009,2,634,140.4,1825.2,11
,2008,10,650,208.3,2395.45,11
,2008,10,651,653.2,7089.9,11
,2008,11,651,634.76,6648.0954,11
,2008,12,651,300,3300,11
,2009,1,651,197.5,2119.85,11
,2008,10,652,3376.25,37412.27,11
,2008,11,652,950.9,9701.285,11
,2008,12,652,932.4,9392.5,11
,2009,1,652,371.7,3906.1,11
,2009,2,652,247.4,3159.85,11
,2009,3,652,279.9,2806.4,11
,2008,10,653,7418.55,79996.145,11
,2008,11,653,2447.9,24254.615,11
,2008,12,653,323.8,2993.64,11
,2009,1,653,43,497.6,11
,2009,2,653,22.4,285.2,11
,2008,10,655,2541.9,28606.7125,11
,2008,11,655,1264.7,12550.825,11
,2008,12,655,203.3,2196.33,11
,2008,10,656,262,3010.24,11
,2008,11,656,168.4,1641.9,11
,2008,12,656,186.1,1949.245,11
,2009,1,656,14,168,11
,2009,2,656,80.8,832.24,11
,2008,10,658,1799.9,19332.4,11
,2008,11,658,483.3,4833,11
,2008,12,658,257.4,2574,11
,2009,1,658,245.5,2524,11
,2008,10,664,554.4,6514.2,11
,2008,11,664,1175.9,11759,11
,2008,12,664,356.2,3668.86,11
,2008,10,665,8911.75,94386.2125,11
,2008,11,665,6812.9,69033.1,11
,2008,12,665,2944.16,29314.6134,11
,2009,1,665,1146.5,13001.08,11
,2009,2,665,1036.95,12832.33,11
,2009,3,665,145.5,1433.84,11
,2008,10,668,450,5175,11
,2009,2,668,38,532,11
,2008,10,676,261,2936.25,11
,2008,10,682,154.4,1544,11
,2008,11,682,568.3,5841.15,11
,2008,10,683,632,7211.5125,11
,2008,11,683,551.9,5586.375,11
,2008,12,683,678.6,7537.1,11
,2009,1,683,223.5,2556.5,11
,2009,2,683,578.6,7433.65,11
,2009,3,683,58.5,702,11
,2008,10,686,747,7779.5,11
,2008,11,686,861.8,8740.925,11
,2008,12,686,2728.35,27079.9825,11
,2009,1,686,1784.8,19825.215,11
,2009,2,686,1975.6,24520.09,11
,2009,3,686,663.3,6715.975,11
,2008,11,702,444.2,4330.95,11
,2009,1,702,24,288,11
,2009,2,702,13.3,159.6,11
,2009,2,703,44,528,11
,2008,12,704,33.5,351.75,11
,2009,1,704,343.1,3945.65,11
,2008,10,712,2500,27703.725,11
,2008,11,712,1947.7,19680,11
,2008,12,712,1973.5,19943.99,11
,2009,1,712,1278.5,13709.758,11
,2009,2,712,485.7,5696.35,11
,2009,3,712,633.6,6601.04,11
,2009,1,715,120,1350,11
,2008,11,718,363,3834.65,11
,2008,12,718,71.3,677.35,11
,2009,1,718,226.59,2537.39,11
,2009,2,718,177.6,2055.6,11
,2008,10,719,8311.5,90327.5125,11
,2008,11,719,13356.2,138836.1,11
,2008,12,719,15586.29,159840.45,11
,2009,1,719,7549.8,82593.825,11
,2009,2,719,7661.85,92395.225,11
,2009,3,719,1815.7,18757.15,11
,2008,11,722,233,2563,11
,2008,10,733,116.3,1279.3,11
,2008,10,739,152,1710,11
,2008,11,739,506.4,4612.45,11
,2008,12,739,456.3,4886.3,11
,2009,1,739,305.4,2897.9125,11
,2009,2,739,83.25,915.75,11
,2008,11,740,289.7,3127.5,11
,2008,12,740,1723.06,17624.25,11
,2009,1,740,1396.79,14817.085,11
,2009,2,740,1118.1,12947.1,11
,2009,3,740,149.8,1572.9,11
,2008,10,745,1015.2,8911.8,11
,2008,11,745,1101.1,9630.9,11
,2009,2,745,200,2000,11
,2009,2,750,320,3360,11
,2009,3,750,514,5397,11
,2008,10,756,12684.45,142166.1955,11
,2008,11,756,3615.4,38216.24,11
,2008,12,756,4592.91,48019.36,11
,2009,1,756,2347.97,25610.77,11
,2009,2,756,1969.05,22403.875,11
,2009,3,756,675.25,7313.15,11
,2008,10,758,70.8,761.1,11
,2008,10,759,270.4,2638.65,11
,2008,10,767,175.1,2057.425,11
,2008,12,767,27.6,0,11
,2008,11,770,214.5,2359.5,11
,2008,10,801,3113.05,33365.325,11
,2008,11,801,676.71,6585.065,11
,2008,12,801,423.3,4344.975,11
,2009,1,801,343.9,3302.25,11
,2009,2,801,119.5,874.875,11
,2009,3,801,96.6,869.4,11
,2009,1,802,1467.2,17661.95,11
,2009,2,802,911.3,11678.25,11
,2009,1,805,27.8,295.45,11
,2008,10,806,937,10568,11
,2008,11,806,373,3675.3,11
,2008,12,806,295.5,3052.5,11
,2009,1,806,214.1,2390.9,11
,2009,2,806,115,1380,11
,2009,3,806,248.9,2445.7,11
,2008,10,813,8837.2,98051.9,11
,2008,11,813,1275.3,12789,11
,2008,12,813,4260.37,44901.81,11
,2009,1,813,2146.3,24084.8,11
,2009,2,813,2551.6,29484.2,11
,2009,3,813,1003.8,9918.55,11
,2008,10,819,738.2,8304.75,11
,2008,11,819,264.3,2643,11
,2008,10,820,446.95,4692.975,11
,2008,11,820,489.3,4896.625,11
,2008,10,822,3252.9,35473.9875,11
,2008,11,822,492.79,5175.66,11
,2008,12,822,454,4984.075,11
,2009,1,822,156.25,1718.75,11
,2009,2,822,324.6,3782.75,11
,2009,3,822,101.75,1103.125,11
,2009,1,824,46,471.5,11
,2008,10,825,966,8825,11
,2008,10,829,457.1,4228.175,11
,2008,11,829,3936.6,40286.35,11
,2008,12,829,2253.83,24147.28,11
,2009,1,829,164.6,1892.9,11
,2009,2,829,749.5,6430.5,11
,2009,3,829,464.5,3424.5,11
,2008,11,840,70.6,688.35,11
,2009,2,840,87.7,1096.25,11
,2008,10,845,77.8,875.25,11
,2008,10,849,237.3,2101.35,11
,2008,11,849,416,3972.8,11
,2008,12,849,237.1,2371,11
,2009,1,849,56.5,621.5,11
,2008,10,850,16558.35,177434.3775,11
,2008,11,850,6031.46,62510.88,11
,2008,12,850,3443.4,32809.55,11
,2009,1,850,2766.1,28043.85,11
,2009,2,850,643.1,7569.1,11
,2008,10,862,2508.5,24447.55,11
,2008,11,866,79.5,800.55,11
,2008,10,867,3682.6,38306.6,11
,2008,11,867,1580.9,16267.525,11
,2008,12,867,870.2,9318.5,11
,2009,1,867,68,697,11
,2008,12,869,66.7,683.675,11
,2009,1,870,25,287.5,11
,2009,2,882,85.3,895.65,11
,2009,2,897,133.7,1671.25,11
,2008,11,1033,409.2,3572,11
,2008,10,1034,316.7,3383.5,11
,2008,11,1034,289.2,2797.9,11
,2009,10,613,159.4,1793.25,12
,2009,12,614,592.5,7830.75,12
,2010,2,650,37,518,12
,2009,10,651,681.1,7558.375,12
,2009,11,651,766.3,8575.35,12
,2009,12,651,494.7,6375.475,12
,2010,1,651,531.7,7600.775,12
,2010,2,651,291.8,4326.575,12
,2010,3,651,139.5,2092.5,12
,2009,10,652,1199,12723.8,12
,2009,11,652,1575.9,17622.3,12
,2009,12,652,778.42,9404.04,12
,2010,1,652,816.8,11007.75,12
,2010,2,652,666.9,9554.1,12
,2010,3,652,166.65,2245.75,12
,2009,10,653,10572.93,114024.19,12
,2009,11,653,2648.09,30262.453,12
,2009,12,653,901.21,11314.7665,12
,2010,1,653,218.5,2925.275,12
,2010,2,653,181.64,2604.6,12
,2010,3,653,77.25,232.5,12
,2009,10,655,2802.4,30043.75,12
,2009,11,655,902.1,9906.175,12
,2009,12,655,103,1297.8,12
,2010,1,655,144.1,1945.35,12
,2010,2,655,122,1830,12
,2009,10,656,67.7,677,12
,2009,11,656,62,744,12
,2009,12,656,142.4,1886.8,12
,2010,1,656,527.1,7599.6,12
,2010,3,656,308,4620,12
,2009,10,658,216.3,2160.5,12
,2009,11,658,577,6094,12
,2009,12,658,262,2988,12
,2010,1,658,72.15,1023.525,12
,2010,2,658,155.6,2327.1,12
,2010,3,658,71.2,996.8,12
,2009,10,665,8329.7,87821,12
,2009,11,665,5939.3,66981.9,12
,2009,12,665,2720.15,34581.5225,12
,2010,1,665,2379.4,33846.52,12
,2010,2,665,1166.1,17247.575,12
,2010,3,665,535.3,7819.5,12
,2009,10,666,127.4,1274,12
,2009,11,666,399,4267.3,12
,2009,11,679,114,1396.5,12
,2010,1,682,20,240,12
,2009,10,683,1141.6,12502.6,12
,2009,11,683,574.8,7036.6,12
,2009,12,683,772.9,10047.7,12
,2010,1,683,551,7941.875,12
,2010,2,683,52,780,12
,2010,3,683,47.5,712.5,12
,2009,10,686,521.3,5213,12
,2009,12,686,2526.7,31975.5,12
,2010,1,686,1693.6,23921.1,12
,2010,2,686,1304.5,19155.74,12
,2010,3,686,1119.6,16794,12
,2009,10,702,210.7,2172.81,12
,2009,11,702,17,204,12
,2009,12,702,36.4,445.9,12
,2010,1,702,41,533,12
,2010,2,702,489.4,7060.2,12
,2010,3,702,229.3,3210.2,12
,2009,10,706,594.5,6582.75,12
,2009,10,712,2410,25602.15,12
,2009,11,712,1954.39,21995.98,12
,2009,12,712,4674.7,60803.095,12
,2010,1,712,3876.3,53990.1,12
,2010,2,712,1822.6,27033.25,12
,2010,3,712,2034.2,30451.5,12
,2009,10,718,123.5,1296.75,12
,2009,11,718,116.4,1367.7,12
,2009,12,718,9.4,119.85,12
,2010,1,718,77.6,1041.8,12
,2010,2,718,33.3,482.85,12
,2010,3,718,55.6,778.4,12
,2009,10,719,13114.19,140449.8325,12
,2009,11,719,8931.75,104515.0625,12
,2009,12,719,12305.2,157412.8325,12
,2010,1,719,14145.25,202207.7525,12
,2010,2,719,6303.75,89145.6225,12
,2010,3,719,3073,44048.55,12
,2009,10,721,190.3,1998.15,12
,2009,11,721,1969.15,22708.225,12
,2009,12,721,181.3,2200.675,12
,2009,10,730,417.95,5015.4,12
,2010,3,730,52.8,0,12
,2009,10,739,502.25,5240.7875,12
,2009,11,739,627.3,7214.6,12
,2009,12,739,1367.8,16111.2,12
,2010,1,739,2202.75,29514.8,12
,2010,2,739,1012,14290.125,12
,2010,3,739,215.6,3018.4,12
,2009,11,740,633.2,7535.3,12
,2009,12,740,788.4,9853.35,12
,2010,1,740,434.2,5688.475,12
,2010,2,740,192.3,2788.35,12
,2010,3,740,17,238,12
,2009,10,745,889,8001,12
,2009,11,745,705.4,6348.6,12
,2009,12,745,1297.9,12857,12
,2010,2,745,283,3679,12
,2010,3,745,259,2744,12
,2009,10,748,106.4,1085.28,12
,2009,10,755,318.4,3661.6,12
,2009,10,756,7078.55,78498.085,12
,2009,11,756,7048.4,84956.794,12
,2009,12,756,5847.56,72743.5,12
,2010,1,756,2336.95,31343.925,12
,2010,2,756,2265.25,31175.4,12
,2010,3,756,804.65,10490.375,12
,2009,11,758,90.2,996.7,12
,2010,3,758,40.3,564.2,12
,2009,10,801,1271.6,13535.65,12
,2009,11,801,768.8,7256.75,12
,2009,12,801,421.15,5331.62,12
,2010,1,801,534.5,7186.5,12
,2010,2,801,1679.85,23369.05,12
,2010,3,801,165.6,2121.5,12
,2009,10,802,1541.3,16093.65,12
,2009,10,806,1048.4,10836.15,12
,2009,12,806,60,780,12
,2009,10,813,5523.9,57675.275,12
,2009,11,813,2891.8,33557.3,12
,2009,12,813,7062.5,91705.34,12
,2010,1,813,810,12150,12
,2010,2,813,2153.3,32011.2,12
,2010,3,813,458,6570,12
,2009,10,822,2056.88,21523.34,12
,2009,11,822,162.3,1917.8,12
,2010,2,822,74.8,1122,12
,2009,10,829,170.5,1875.5,12
,2009,11,829,1406.1,15125.9,12
,2010,1,829,939.4,12972.2,12
,2010,2,829,78,1014,12
,2009,10,844,181.8,1999.8,12
,2009,10,845,1488,13392,12
,2009,11,845,2332,20988,12
,2009,12,845,747,7470,12
,2010,1,845,620,6000,12
,2009,10,847,56,560,12
,2009,10,849,2524.5,26800.05,12
,2009,11,849,4516.2,51596.95,12
,2009,12,849,2059.4,25661.875,12
,2009,10,850,11386.25,118646.625,12
,2009,11,850,8064.25,90969.2,12
,2009,12,850,1877.2,22119,12
,2010,1,850,1677.4,18640.5,12
,2010,2,850,1221.55,18209.025,12
,2010,3,850,740.8,9951.2,12
,2009,11,851,106.8,1334.1,12
,2009,10,855,255,2805,12
,2009,10,857,292.5,3363.75,12
,2010,1,859,21,294,12
,2010,2,859,85.2,1320.6,12
,2010,3,859,15,210,12
,2009,10,861,1745.65,18663.84,12
,2009,11,861,98.1,1191.915,12
,2009,12,861,293.8,3712.245,12
,2010,1,861,128.85,1728.4625,12
,2009,10,867,3146.25,31767.7,12
,2009,11,867,2973.2,34761.275,12
,2009,12,867,1066,12901.5,12
,2010,1,867,241.7,3262.95,12
,2010,2,867,343.8,4417.4,12
,2010,3,867,1138.5,13851.5,12
,2009,10,869,721.25,7351.325,12
,2009,11,869,101.5,1176.675,12
,2009,12,869,48.2,538.05,12
,2010,2,869,77.4,1149.4,12
,2010,3,869,15.6,218.4,12
,2009,10,880,77,750.75,12
,2010,1,880,36.1,487.35,12
,2010,3,880,5.3,82.15,12
,2009,10,881,2345.3,24205.8,12
,2009,11,881,2136.3,25005.25,12
,2009,12,881,874.8,10817,12
,2010,1,881,275.7,3822.25,12
,2010,2,881,91.7,1421.35,12
,2010,3,881,61.5,940.15,12
,2009,10,883,272.1,2857.05,12
,2009,11,883,948.4,10811.3,12
,2009,10,887,212.2,2228.1,12
,2009,11,897,1609.9,19920.85,12
,2009,12,897,2946.4,36106.17,12
,2010,1,897,550.5,7643.5,12
,2010,2,897,327.55,4923.275,12
,2010,1,950,342.6,4625.1,12
,2009,10,1033,741.28,7783.44,12
,2009,11,1033,92.2,968.1,12
,2009,12,1034,60.7,758.75,12
,2010,2,1034,33.55,444.5375,12
,2009,11,1035,432.8,4977.2,12
,2011,3,611,58,1046.2,13
,2010,11,613,26.3,453.675,13
,2011,2,615,19.2,345.6,13
,2011,1,617,549.6,8931,13
,2011,1,632,18.9,252,13
,2010,10,651,477.5,7729.65,13
,2010,11,651,284.4,4741.575,13
,2010,12,651,398.1,6579.35,13
,2011,1,651,74.5,1303.75,13
,2011,2,651,284,4997.125,13
,2010,10,652,2738.1,45632.475,13
,2010,11,652,2684.7,44614.475,13
,2010,12,652,506.6,8121.3,13
,2011,1,652,218.3,3769.63,13
,2011,2,652,166.8,2896.85,13
,2011,3,652,69.6,1095.3,13
,2010,10,653,8862.2,147538.925,13
,2010,11,653,5049.81,82942.675,13
,2010,12,653,1869.3,31172.55,13
,2011,1,653,381.4,6411.57,13
,2011,2,653,390.37,6949.41,13
,2011,3,653,139.3,2024.2,13
,2010,10,655,2226.67,37156.365,13
,2010,11,655,445.8,7568.2,13
,2010,12,655,584.1,10195.375,13
,2011,2,655,30,540,13
,2010,10,656,423.9,7129.65,13
,2010,11,656,263.4,4431.125,13
,2010,12,656,216.7,3550.625,13
,2011,1,656,159.3,2846.73,13
,2011,2,656,195.7,3499.2,13
,2011,3,656,135,2430,13
,2010,10,658,661.6,10833.375,13
,2010,11,658,419.5,7093.75,13
,2010,12,658,153.3,2658.375,13
,2011,1,658,188.7,3318.33,13
,2011,2,658,19.2,345.6,13
,2011,3,658,174.4,2907.9,13
,2010,10,659,162.8,2686.2,13
,2010,10,664,40.8,693.6,13
,2010,11,664,217,3714.45,13
,2010,12,664,521.6,8736.8,13
,2010,10,665,4950.7,82040.95,13
,2010,11,665,3961.4,65566.65,13
,2010,12,665,5307.7,86978.35,13
,2011,1,665,1646.9,28190.25,13
,2011,2,665,1369.2,24003.47,13
,2011,3,665,537.4,9252.41,13
,2010,11,666,130.4,2151.6,13
,2011,2,666,24.5,441,13
,2011,1,679,589.6,9581,13
,2011,2,679,291.3,4952.1,13
,2010,10,683,288.2,4755.3,13
,2010,11,683,1243.9,20957.25,13
,2010,12,683,467.8,8177,13
,2011,1,683,641.9,11231.55,13
,2011,2,683,133,2380.7,13
,2010,12,686,68.6,1149.05,13
,2011,1,686,491.8,8503.195,13
,2011,2,686,352.2,6339.6,13
,2011,3,686,237.9,4282.2,13
,2010,12,691,211,3587,13
,2010,11,702,49.3,813.45,13
,2010,12,702,43.2,724.6,13
,2011,1,702,33.5,560.5,13
,2010,10,712,2759.2,45469.825,13
,2010,11,712,2519.5,42984.05,13
,2010,12,712,2996,49861.05,13
,2011,1,712,979.3,17345.81,13
,2011,2,712,745.3,7594.2,13
,2011,3,712,370.7,6672.6,13
,2010,10,718,451.3,7220.8,13
,2010,11,718,219.9,3631.825,13
,2010,12,718,129.75,1814.8125,13
,2011,1,718,94.1,1599.7,13
,2011,2,718,121.9,2072.3,13
,2011,3,718,6,102,13
,2010,10,719,6954.7,115044.945,13
,2010,11,719,5452.95,90817.665,13
,2010,12,719,10612.6,173483.2175,13
,2011,1,719,8872.8,148955.0525,13
,2011,2,719,4603.95,79604.765,13
,2011,3,719,1626.41,28124.23,13
,2010,11,729,80.2,1323.3,13
,2010,10,739,149.6,2549,13
,2010,11,739,357.05,5800.925,13
,2010,12,739,1279.45,20943.4875,13
,2011,1,739,1555.8,25771.625,13
,2011,2,739,640.5,10888.5,13
,2011,3,739,244,4046.06,13
,2010,12,740,192.8,3033.975,13
,2010,10,745,647.5,9656.9,13
,2010,11,745,476.5,6623.35,13
,2010,12,745,218,3488,13
,2011,1,745,910,14149.2,13
,2011,2,745,328.4,4395.91,13
,2011,3,745,173.5,2276.32,13
,2010,11,748,498,7270.8,13
,2010,12,748,479.8,8036.65,13
,2011,2,748,149.6,2543.2,13
,2010,11,750,35.2,598.4,13
,2010,10,755,152.6,2556.05,13
,2010,10,756,9349.15,153575.905,13
,2010,11,756,3711.75,58710.9875,13
,2010,12,756,5553.92,87189.294,13
,2011,1,756,3638.9,59721.199,13
,2011,2,756,1915.3,33156.175,13
,2011,3,756,776.3,13303.4,13
,2010,10,758,28.9,462.4,13
,2010,11,758,543.7,9615.025,13
,2010,10,759,69.55,1234.5125,13
,2011,2,759,35.1,623.025,13
,2011,3,759,29.6,532.8,13
,2010,11,767,60.1,991.65,13
,2011,1,767,42.5,690.625,13
,2011,2,767,351.1,6280.475,13
,2011,3,767,49.8,896.4,13
,2011,1,773,24.5,441,13
,2010,10,801,479.6,7765.675,13
,2010,11,801,233.55,3817.525,13
,2010,12,801,645.4,10369.175,13
,2011,1,801,1017.4,16537.4,13
,2011,2,801,239,3943.5,13
,2011,3,801,344.5,5696,13
,2010,10,802,117.2,1875.2,13
,2010,11,802,154,2695,13
,2010,10,806,1152.3,19771.35,13
,2010,11,806,492.9,7886.4,13
,2010,12,806,124.6,1962.45,13
,2011,1,806,212.1,3496.2,13
,2011,2,806,168.7,2867.9,13
,2011,3,806,149.5,2541.5,13
,2010,10,813,6765,111586.75,13
,2010,11,813,5357.7,88246.25,13
,2010,12,813,7119.3,117089.25,13
,2011,1,813,3545.9,56353.75,13
,2011,2,813,2697.7,43132.5,13
,2011,3,813,390,5688,13
,2010,10,822,1441.5,24162.75,13
,2010,10,827,150,2587.5,13
,2010,10,830,2969.96,48270.98,13
,2010,11,830,1923.7,31433.725,13
,2010,12,830,601.7,10078.475,13
,2011,1,830,1088.16,18338.32,13
,2011,2,830,148,2590,13
,2011,3,830,310.68,5281.56,13
,2010,10,840,324.05,5166.8,13
,2010,11,840,336.2,5574.6,13
,2010,12,840,123.6,1977.6,13
,2011,2,840,50.35,805.6,13
,2010,10,845,672.7,11435.9,13
,2010,10,849,1595.35,25214.525,13
,2010,11,849,1967.4,32181.8,13
,2010,12,849,397.9,6523.3,13
,2011,1,849,412,6695,13
,2011,2,849,179.6,1077.6,13
,2011,3,849,78.1,1272.7,13
,2010,10,850,4899.6,78620.2,13
,2010,11,850,3747.31,59758.95,13
,2010,12,850,2189.36,36074.555,13
,2011,1,850,2397.35,39533.8,13
,2011,2,850,614.55,10222.8,13
,2011,3,850,1012.8,17099.8,13
,2011,1,859,22.4,358.4,13
,2010,10,861,1113.9,19732.725,13
,2011,1,864,36.6,622.2,13
,2010,10,867,7901.9,125962.075,13
,2010,11,867,2717.86,43693.995,13
,2010,12,867,1342.8,21942.554,13
,2011,1,867,134.05,2144.8,13
,2011,2,867,167.5,2681.25,13
,2011,3,867,387,6483.5,13
,2010,11,868,132,2178,13
,2011,3,869,22.6,384.2,13
,2011,1,874,52.4,890.8,13
,2011,1,879,193.25,3092,13
,2011,2,879,129.1,2065.6,13
,2010,11,880,202.2,3336.3,13
,2010,10,881,1410.2,24134.275,13
,2010,11,886,137.5,2200,13
,2010,10,890,1665,28403.325,13
,2010,11,890,295.1,4869.15,13
,2011,2,890,217,3580.5,13
,2010,10,897,53.9,848.925,13
,2010,11,897,796.1,11208.825,13
,2010,12,897,342.2,5716.03,13
,2011,1,897,861.8,13841.55,13
,2011,2,897,1315.12,22350.73,13
,2011,3,897,530.1,8802.45,13
,2010,10,898,122.9,1874.225,13
,2010,10,1032,879.25,14290.25,13
,2010,10,1033,62.5,1000,13
,2010,11,1033,93.8,1547.7,13
,2010,10,1034,33.6,17.7,13
,2010,11,1034,52.5,840,13
,2011,1,1034,320.8,5300.75,13
,2010,12,1035,75.9,1328.25,13
,2011,12,610,331.5,6049.875,14
,2011,11,612,58.2,1047.6,14
,2012,1,625,480.9,8611.2,14
,2011,10,651,1607.9,27589.835,14
,2011,11,651,275.7,4755.825,14
,2011,12,651,335.2,6114.55,14
,2011,10,652,1561.6,27060.77,14
,2011,11,652,1019.9,17546.5,14
,2011,12,652,482.5,7582.875,14
,2012,1,652,154.8,2704.725,14
,2012,2,652,121.3,2244.05,14
,2012,3,652,162.6,760.35,14
,2011,10,653,7220.4,124357.615,14
,2011,11,653,3643.1,62671.325,14
,2011,12,653,832.8,15087.35,14
,2012,1,653,596.5,10685.675,14
,2012,2,653,179.6,3310.225,14
,2012,3,653,101.3,1660.1,14
,2011,10,655,2683.9,45414.8,14
,2011,11,655,814.7,14403.675,14
,2011,12,655,507.2,8573.15,14
,2012,1,655,190.4,3372.525,14
,2012,2,655,124.6,2300.255,14
,2012,3,655,35.4,654.9,14
,2011,10,656,733.4,12441.975,14
,2011,11,656,249.4,4359.375,14
,2011,12,656,15,270,14
,2012,1,656,108.2,1972.95,14
,2012,3,656,14.7,271.95,14
,2011,10,658,60.9,1068.8,14
,2011,11,658,188.9,3364.775,14
,2011,12,658,66,1188,14
,2012,3,658,47,873.75,14
,2011,10,661,81,1397.25,14
,2011,10,664,373,7087,14
,2011,11,664,2240.5,40608.575,14
,2011,12,664,1200.2,22155,14
,2012,1,664,296,5372.6,14
,2012,2,664,159.8,2996.25,14
,2011,10,665,4819.8,82318.385,14
,2011,11,665,4923.35,85741.795,14
,2011,12,665,4139.2,74740.695,14
,2012,1,665,1821.1,32416.775,14
,2012,2,665,1075.6,19651.9,14
,2012,3,665,350.4,6454.65,14
,2011,11,666,385.9,6706.5,14
,2011,12,666,608.3,11101.475,14
,2012,1,666,182.4,3269.325,14
,2011,10,672,128,2240,14
,2011,10,682,362.4,6160.8,14
,2011,10,683,150.6,2641.2,14
,2011,11,683,444.8,8275,14
,2011,12,683,171.1,3210.875,14
,2012,1,683,1230.8,22478.475,14
,2012,2,683,796.4,14884.865,14
,2012,3,683,193.6,3678.4,14
,2011,10,686,379.9,6412.68,14
,2011,11,686,1432.9,19666.1,14
,2012,1,686,33.1,612.35,14
,2012,2,686,276.8,4732.3,14
,2011,10,712,957.8,16368.355,14
,2011,11,712,2722.4,46915.425,14
,2011,12,712,2014.7,36585.775,14
,2012,1,712,2259,40074.59,14
,2012,2,712,1748,32272.28,14
,2012,3,712,620.5,11634.375,14
,2011,11,714,384,6912,14
,2011,12,715,175,3193.75,14
,2011,10,717,77,1370.6,14
,2011,10,718,653.35,11117.675,14
,2011,11,718,354.2,6252.525,14
,2011,12,718,670.5,11983.05,14
,2012,2,718,173.3,3032.75,14
,2012,3,718,30,525,14
,2011,10,719,9023.44,155002.75,14
,2011,11,719,9364.44,167409.89,14
,2011,12,719,8412.87,147256.204,14
,2012,1,719,10047.9,179104.9,14
,2012,2,719,6211.45,112780.975,14
,2012,3,719,2321.2,41797.98,14
,2011,12,721,48.9,880.2,14
,2011,10,733,217.98,3705.66,14
,2011,10,739,92.7,1594.35,14
,2011,11,739,255.9,4510.325,14
,2012,1,739,298.5,5187.675,14
,2012,2,739,260.6,4563,14
,2011,12,740,102.5,1896.25,14
,2012,1,740,160.5,2728.5,14
,2011,10,741,33.7,572.9,14
,2012,3,748,101,1818,14
,2011,12,750,180,3180.75,14
,2011,10,756,16102,276581.625,14
,2011,11,756,7435.06,130390.645,14
,2011,12,756,6220.52,107896.492,14
,2012,1,756,3094.4,52965.023,14
,2012,2,756,1916.6,31659.85,14
,2012,3,756,777.5,14619.5,14
,2011,10,758,121.3,2122.75,14
,2011,10,760,228.7,4002.25,14
,2011,11,760,199.6,3542.9,14
,2011,10,767,101.5,1776.25,14
,2011,11,767,167.4,3013.2,14
,2011,12,767,73,1350.5,14
,2012,1,767,231.7,4175.55,14
,2012,2,767,155.6,2917.5,14
,2012,3,767,109.1,2072.9,14
,2011,10,801,915.85,13786.75,14
,2011,11,801,1931.5,29544,14
,2011,12,801,680,9630,14
,2012,1,801,276,4140,14
,2012,2,801,580.2,10218.8,14
,2012,3,801,38.2,697.15,14
,2011,10,802,9020.1,157496.475,14
,2011,11,802,3488.95,60853.275,14
,2011,12,802,2111.15,37396.025,14
,2012,1,802,1644.15,28960.425,14
,2012,2,802,1088.8,20172.925,14
,2012,3,802,848.25,15692.625,14
,2011,11,803,91.7,1650.6,14
,2011,12,803,896.26,16132.68,14
,2012,3,804,17,318.75,14
,2011,10,805,494.3,8403.1,14
,2011,10,806,4130.2,71739.425,14
,2011,11,806,193.6,3581.6,14
,2011,12,806,838.3,14644.85,14
,2012,1,806,202.5,3473.05,14
,2012,1,809,150,2700,14
,2011,10,813,5696,98873.15,14
,2011,11,813,4210.54,74656.445,14
,2011,12,813,3212.22,58386.96,14
,2012,1,813,2202.16,39802.38,14
,2012,2,813,2682.64,48476.92,14
,2012,3,813,393.88,7174.23,14
,2012,2,817,106,1987.5,14
,2011,10,820,2296.8,40194,14
,2011,10,822,309.9,5076.5,14
,2011,12,822,137.5,2475,14
,2012,2,822,126.1,2301.325,14
,2011,10,828,844.1,14560.725,14
,2011,12,831,335.3,5867.75,14
,2011,12,840,82.5,1485,14
,2012,3,840,39.5,730.75,14
,2012,1,841,44.4,799.2,14
,2011,10,843,72.3,1229.1,14
,2011,10,845,1508.7,21737.4,14
,2011,11,845,1021.2,15485.2,14
,2011,12,845,925.6,14660.35,14
,2012,1,845,307.1,4712.8,14
,2011,10,849,774.36,13123.38,14
,2011,11,849,994.8,17631.55,14
,2011,12,849,613.34,10944.135,14
,2012,2,849,675.2,11596.2,14
,2012,5,849,98.8,0,14
,2011,10,850,18226.51,309808.465,14
,2011,11,850,14307.4,251480.375,14
,2011,12,850,12112.48,211598.055,14
,2012,1,850,7626.85,130345.33,14
,2012,2,850,3642.2,62911.675,14
,2012,3,850,2806.37,51502.47,14
,2011,10,859,91.5,1555.5,14
,2011,11,859,262.14,4456.38,14
,2012,1,859,21.9,283.8,14
,2011,10,861,18,144,14
,2012,1,862,9.7,169.75,14
,2011,12,865,245.7,4422.6,14
,2011,10,867,4710.9,76669.25,14
,2011,11,867,4469.88,77822.93,14
,2011,12,867,2902.98,51294.8,14
,2012,1,867,1306.42,23076.96,14
,2012,2,867,15,285,14
,2012,3,867,738,11266,14
,2011,10,868,39,663,14
,2011,10,869,77.37,1315.29,14
,2011,11,869,30.3,530.25,14
,2011,12,869,43.9,768.25,14
,2012,1,869,96.92,1647.64,14
,2011,10,880,19.35,319.275,14
,2011,10,881,85,1402.5,14
,2012,1,881,22.8,410.4,14
,2012,3,886,31.66,585.71,14
,2011,10,892,33,396,14
,2011,11,892,20,240,14
,2012,1,895,225.5,3608,14
,2011,11,897,106.5,1575,14
,2011,12,897,171.2,3210,14
,2012,1,897,2211,38741,14
,2012,2,897,473.5,8936.3,14
,2012,3,897,157.2,2986.8,14
,2012,7,897,233.46,3268.44,14
,2012,1,1032,708.88,12340.6,14
,2012,1,1033,564.5,8467.5,14
,2011,11,1034,160.6,2810.5,14
,2011,10,1035,148.9,2568.525,14
,2012,2,1035,36.5,684.375,14
,2012,3,1035,56,1050,14
,2012,10,605,352.8,4498.2,15
,2012,11,605,161.5,2341.75,15
,2013,1,605,144.6,3253.5,15
,2012,11,645,233.1,3263.4,15
,2012,10,652,5779.44,73050.75,15
,2012,11,652,1749.2,25629.525,15
,2012,12,652,1169.6,24235.75,15
,2013,1,652,505.8,11205,15
,2013,2,652,271.7,6304.25,15
,2013,3,652,66.5,1457,15
,2012,10,653,9699.85,121754.24,15
,2012,11,653,1951.9,27494.305,15
,2012,12,653,1011.6,20996.2,15
,2013,1,653,526,10549.325,15
,2013,2,653,192.6,4536.6,15
,2013,3,653,279.6,6215.05,15
,2012,10,655,3699.6,46795.725,15
,2012,11,655,1974.8,29990.625,15
,2012,12,655,1339.7,26972.15,15
,2013,1,655,451.5,9885.15,15
,2013,2,655,449.2,10228.1,15
,2013,3,655,187.8,3756,15
,2012,10,656,1672.4,22629.85,15
,2012,11,656,205.25,2907.47,15
,2012,12,656,62,777,15
,2012,10,658,195.2,2589.8,15
,2012,11,658,93.7,1421.8,15
,2012,12,658,80.6,1561.6,15
,2012,11,659,440,6380,15
,2012,10,664,3779.1,48213.055,15
,2012,11,664,1110.9,15609.375,15
,2013,3,664,97.5,2291.25,15
,2012,10,665,15015.4,191325.58,15
,2012,11,665,7141.2,107542.665,15
,2012,12,665,3864.6,80719.7,15
,2013,1,665,1834.4,42008.725,15
,2013,2,665,1953.6,45072.05,15
,2013,3,665,939,21326.55,15
,2012,11,666,529.6,8525.7,15
,2012,12,666,666.4,13264.175,15
,2013,2,667,498.8,11115.8,15
,2013,3,667,196,4554.5,15
,2012,11,669,152,2166,15
,2013,1,682,52.8,1240.8,15
,2012,10,683,3164.5,40840.35,15
,2012,11,683,2169,31742.025,15
,2012,12,683,1371.5,28407.925,15
,2013,1,683,203.2,4673.6,15
,2013,2,683,320,7364.75,15
,2012,10,686,2104.8,26878.875,15
,2012,11,686,1122.9,15709.02,15
,2012,12,686,717.4,14258.85,15
,2013,1,686,121.3,2820.225,15
,2013,2,686,443.9,10403.5,15
,2013,3,686,513.7,12071.95,15
,2012,11,692,151.5,2234.625,15
,2012,12,692,3007,58636.5,15
,2013,1,700,186,3936.75,15
,2012,12,706,557,11827.9,15
,2012,10,712,3884.3,52823.04,15
,2012,11,712,3759.2,56093.245,15
,2012,12,712,2516.3,52745.675,15
,2013,1,712,1163.3,25883,15
,2013,2,712,583.3,13397.175,15
,2013,3,712,1092.2,25666.7,15
,2012,10,718,219.6,2877.85,15
,2012,11,718,394.9,6172.45,15
,2013,1,718,75.9,1669.8,15
,2013,2,718,100.7,2250.9,15
,2012,10,719,16169.65,208137.315,15
,2012,11,719,11423.4,175124.77,15
,2012,12,719,12940.8,261331.195,15
,2013,1,719,7828.9,170495.75,15
,2013,2,719,6285.8,141411.71,15
,2013,3,719,2256.1,47531.9,15
,2012,11,721,17.2,232.2,15
,2013,2,721,21,399,15
,2012,10,734,126,1638,15
,2012,10,739,577.4,7506.2,15
,2012,12,739,854.9,16657.15,15
,2013,1,739,88.9,1982.1,15
,2013,2,739,176.5,3853.05,15
,2013,3,739,241.4,4798.5,15
,2012,11,740,521.4,8633.15,15
,2012,12,740,1338.6,26873.3,15
,2013,1,740,616.5,13577.7,15
,2013,2,740,535.3,11246.75,15
,2013,3,740,76.4,1500,15
,2012,10,742,422.5,5386.875,15
,2013,1,742,18.3,402.6,15
,2013,2,742,72.5,1631.25,15
,2012,12,744,123.2,2464,15
,2013,1,744,369,7054,15
,2013,2,744,463.3,8938,15
,2013,3,744,279,5194,15
,2012,10,745,654.1,8048.9,15
,2012,11,745,116.3,1715.425,15
,2012,12,745,414.4,7873.6,15
,2013,3,745,3.9,78,15
,2012,10,750,78.7,1023.1,15
,2013,3,750,123,2090,15
,2012,10,753,115,1466.25,15
,2013,1,754,15,150,15
,2012,10,756,15680.7,205615.775,15
,2012,11,756,11971.05,181936.725,15
,2012,12,756,6844.1,130734.76,15
,2013,1,756,2153.9,43983.65,15
,2013,2,756,1138.2,19671.675,15
,2013,3,756,245.8,5714.85,15
,2012,10,758,296.5,3854.5,15
,2012,11,758,221.2,3981.6,15
,2012,10,759,73.3,952.9,15
,2012,10,763,1419.15,19169.375,15
,2012,11,763,618.85,8381.4875,15
,2012,10,767,354.5,4568.8,15
,2012,11,767,125.4,1900.2,15
,2013,2,767,31.2,702,15
,2012,12,770,452.4,9232.175,15
,2013,3,800,7,140,15
,2012,10,801,2786.5,39651.9,15
,2012,11,801,951.65,16031.6,15
,2012,12,801,1245.75,24771.925,15
,2013,1,801,2026.55,45454.25,15
,2013,2,801,837.9,19044.725,15
,2013,3,801,1158.7,26650.1,15
,2012,10,802,2790.8,37729.65,15
,2012,11,802,55.4,858.7,15
,2012,12,802,374.35,7653.8,15
,2013,1,802,169.2,3468.6,15
,2013,2,802,29.4,676.2,15
,2012,12,803,103.65,2021.175,15
,2013,1,803,57.8,1329.4,15
,2013,3,803,137.35,2747,15
,2012,10,805,1359.8,16482.4,15
,2012,11,805,1441.4,21049.65,15
,2012,12,805,160.5,3210,15
,2012,10,806,1392.92,18023.01,15
,2012,11,806,366.6,5224.05,15
,2012,12,806,295.2,5553.3,15
,2012,10,813,8247.2,107251,15
,2012,11,813,8405,130715.225,15
,2012,12,813,3650.55,65716.85,15
,2013,1,813,2118.6,46509.55,15
,2013,2,813,1404.44,31286.175,15
,2013,3,813,438,10209,15
,2012,10,816,8,104,15
,2013,2,816,33.2,781.75,15
,2013,3,816,150.4,3402.4,15
,2012,10,822,4237.4,54464.025,15
,2012,11,822,1791.56,26392.41,15
,2012,12,822,271.4,4487.6,15
,2013,1,822,181.3,4079.25,15
,2013,3,822,154.1,3544.3,15
,2012,10,824,85.7,1114.1,15
,2012,11,825,424.3,6152.35,15
,2012,10,829,1905.2,24533.875,15
,2012,11,829,402.9,5741.325,15
,2012,11,830,126.7,1837.15,15
,2012,11,840,118.7,1839.85,15
,2012,10,841,1733.2,22292.65,15
,2012,10,845,663.2,8621.6,15
,2012,10,849,1068.7,14551.225,15
,2012,11,849,1037.3,16841.875,15
,2012,12,849,1190.3,24488.2,15
,2013,1,849,713.8,15744.15,15
,2013,2,849,150.6,3388.5,15
,2013,3,849,381.3,7887.9,15
,2012,10,850,29329.03,381634.345,15
,2012,11,850,23722.52,366079.045,15
,2012,12,850,9225.43,181940.55,15
,2013,1,850,5568.34,122039.15,15
,2013,2,850,3019.78,66689.59,15
,2013,3,850,3167.56,65133.04,15
,2012,11,852,316.1,5689.8,15
,2012,11,856,639.3,9269.85,15
,2012,11,861,63,976.5,15
,2013,1,861,7.1,159.75,15
,2012,11,862,114.2,1827.2,15
,2013,1,862,112.4,2416.6,15
,2013,1,865,430.9,9479.8,15
,2013,2,865,247.2,5562,15
,2012,10,867,9169.8,115060.75,15
,2012,11,867,8265.75,126263.2,15
,2012,12,867,3740.5,73353.275,15
,2013,1,867,1797.5,38219.7,15
,2013,2,867,121.7,2756.25,15
,2013,3,867,40,920,15
,2012,10,869,1509.49,20620.47,15
,2012,11,869,626.3,9593.46,15
,2012,12,869,803.78,15295.19,15
,2013,1,869,84.22,1911.06,15
,2012,10,871,830.21,11078.415,15
,2012,11,871,646.38,10256.535,15
,2012,12,871,375.44,7270.04,15
,2013,1,871,67.38,1461.93,15
,2013,2,871,60.88,1339.36,15
,2013,3,871,20.54,390.26,15
,2012,10,880,345,4140,15
,2013,2,880,10,230,15
,2012,10,881,1572.88,22179.36,15
,2012,11,881,430.4,6401.61,15
,2012,10,883,307.9,4310.6,15
,2012,12,890,79.6,1512.4,15
,2012,12,893,50.85,966.15,15
,2012,10,897,1662.54,23746.73,15
,2012,11,897,2355.42,38787.76,15
,2012,12,897,1523.72,29182.94,15
,2013,1,897,1783.94,39335.825,15
,2013,2,897,1289.52,28964.47,15
,2013,3,897,774.56,16364.885,15
,2012,10,950,1416.45,19343.55,15
,2012,11,950,973.2,15084.6,15
,2012,10,1032,23.6,354,15
,2012,10,1034,136.8,1744.2,15
,2012,10,1035,109,1471.5,15
,2013,12,611,116,2320,16
,2013,12,624,35,656.25,16
,2013,10,651,289.2,4410.3,16
,2013,11,651,244,4640,16
,2014,1,651,344.7,7406.5,16
,2013,10,652,4909.7,74323.7,16
,2013,11,652,3598.9,67804.25,16
,2013,12,652,1717.34,33440.38,16
,2014,1,652,1311.38,28450.48,16
,2014,2,652,652.6,15423.8,16
,2014,3,652,490.8,11874.45,16
,2013,10,653,11410.8,173060.425,16
,2013,11,653,3557.55,64767.4,16
,2013,12,653,1450.5,29311.1,16
,2014,1,653,1324.2,27821.35,16
,2014,2,653,635.6,15132.1,16
,2014,3,653,432.1,10576.25,16
,2013,10,655,6899.5,104678.6,16
,2013,11,655,1898.2,34226.9,16
,2013,12,655,1423.1,27757.1,16
,2014,1,655,1042.1,21908.9,16
,2014,2,655,486.6,10584.4,16
,2014,3,655,246.9,5555.25,16
,2013,10,656,504,6767.5,16
,2013,11,656,33.2,564.4,16
,2014,2,656,18.7,420.75,16
,2014,2,659,75.5,1698.75,16
,2013,10,664,1014.9,15810.65,16
,2013,11,664,320,5800,16
,2013,12,664,246,4920,16
,2014,2,664,106.9,2461,16
,2013,10,665,6175.4,93971.71,16
,2013,11,665,5554.1,107330.2,16
,2013,12,665,4819.3,96509,16
,2014,1,665,2925.3,63754.5,16
,2014,2,665,1844.65,43174.65,16
,2014,3,665,926.3,22538.4,16
,2014,1,668,23,494.5,16
,2013,10,682,1029.68,14611.365,16
,2014,1,682,336.2,7239.8,16
,2014,2,682,169.53,4029.57,16
,2014,3,682,63.1,1577.5,16
,2013,10,683,1803.4,28562.8,16
,2013,11,683,1143.5,21942,16
,2013,12,683,972.8,19438.75,16
,2014,1,683,164.8,3575.2,16
,2014,2,683,150,3562,16
,2014,3,683,202.95,5180.225,16
,2013,10,686,410.9,5976,16
,2013,11,686,948.1,17451.2,16
,2013,12,686,248.2,4964,16
,2014,1,686,267.8,5356,16
,2014,2,686,275,6187.5,16
,2014,3,686,40.3,967.2,16
,2013,11,692,90,1800,16
,2013,12,692,102,2142,16
,2014,2,702,27.65,691.25,16
,2014,3,704,90.8,2270,16
,2013,10,712,1486.7,22721.1,16
,2013,11,712,937.2,17319.5,16
,2013,12,712,1308,26184.1,16
,2014,1,712,2219,45634.65,16
,2014,2,712,1469.8,32799.15,16
,2014,3,712,560.7,13195.2,16
,2013,11,717,73.7,1252.9,16
,2013,10,718,166.2,2160.6,16
,2013,11,718,257.7,4517.875,16
,2013,12,718,194,3755.4,16
,2014,1,718,245.5,5238.3,16
,2014,2,718,128.2,2756.3,16
,2013,10,719,14252.9,210691.76,16
,2013,11,719,9216.6,170866.01,16
,2013,12,719,16246.04,323735.97,16
,2014,1,719,12402.75,267563.795,16
,2014,2,719,6147.9,138779.025,16
,2014,3,719,9183.95,220757.055,16
,2013,12,734,237,4977,16
,2013,11,736,64.5,1161,16
,2013,10,739,623.3,9113.1,16
,2013,11,739,384.7,6991.25,16
,2013,12,739,573.2,11250.8,16
,2014,1,739,232.5,4741.8,16
,2014,2,739,113.5,2500.35,16
,2014,3,739,552.6,12961.5,16
,2014,2,740,434.3,9337.45,16
,2014,1,741,185.8,3920.9,16
,2014,2,741,46.6,1001.9,16
,2014,3,741,46.8,1053,16
,2014,3,742,117,2632.5,16
,2014,1,743,523.7,12568.8,16
,2013,11,745,394.4,6224,16
,2013,10,752,62.2,758.8,16
,2013,10,753,324.7,4870.5,16
,2013,10,756,9496.7,144651.5,16
,2013,11,756,6255.01,112095.7775,16
,2013,12,756,5457.58,99875.811,16
,2014,1,756,3562.95,75031.7,16
,2014,2,756,1985.9,42572.324,16
,2014,3,756,555.4,11133.45,16
,2013,10,759,100.2,1302.6,16
,2014,2,759,390.55,9763.75,16
,2014,2,763,172.1,3442,16
,2013,10,767,824.3,12715.7,16
,2013,12,767,113.1,2312.55,16
,2013,11,770,50.6,885.5,16
,2013,10,801,2197.46,31503.41,16
,2013,11,801,2991.2,55703.15,16
,2013,12,801,2815.84,55182.515,16
,2014,1,801,2444.22,52378.8025,16
,2014,2,801,2336.65,54753.8,16
,2014,3,801,1039.67,24737.9317,16
,2013,10,802,896.1,15233.7,16
,2013,12,802,125.7,2357.3,16
,2014,2,802,94.3,2263.2,16
,2014,3,802,127.15,3072.525,16
,2014,1,803,309.6,6244.3,16
,2014,2,803,23.9,513.85,16
,2014,3,803,46,1035,16
,2014,3,806,11.33,249.26,16
,2013,10,810,288,4188.55,16
,2013,11,810,1826.78,34466.4075,16
,2013,12,810,141.22,2824.4,16
,2013,10,813,3349.5,51234.875,16
,2013,11,813,3788.9,73774.075,16
,2013,12,813,4799.1,95454.195,16
,2014,1,813,3330.8,72325.22,16
,2014,2,813,1464.34,34733.34,16
,2014,3,813,915.4,21857.3,16
,2013,10,822,3304.7,49359.9,16
,2013,11,822,2407.7,44074.3,16
,2013,12,822,1113.1,20972.95,16
,2014,1,822,524.8,11626.2,16
,2014,2,822,234.7,5439.6,16
,2014,3,822,199.5,4389.6,16
,2013,10,823,178,3026,16
,2013,10,829,424,5512,16
,2013,10,831,175.8,2504.55,16
,2013,11,831,43.58,806.23,16
,2013,10,840,56.5,875.75,16
,2013,11,840,93.1,1722.35,16
,2013,12,840,97.4,1801.9,16
,2014,3,840,15.7,353.25,16
,2013,10,845,1395,21130,16
,2013,12,847,303.7,6071.175,16
,2013,10,849,5767.9,81963.45,16
,2013,11,849,1508.5,27600.5,16
,2013,12,849,2972.2,55244.3,16
,2014,1,849,2421.9,49931.85,16
,2013,10,850,30376.15,445507.13,16
,2013,11,850,21164.1,396516.75,16
,2013,12,850,7239.52,142456.291,16
,2014,1,850,4820.72,102506.845,16
,2014,2,850,1769.55,41731.9,16
,2014,3,850,2447.47,58806.68,16
,2014,1,851,38,570,16
,2014,2,851,30,645,16
,2014,3,851,55,825,16
,2014,2,859,500.1,11502.3,16
,2013,10,861,41,656,16
,2014,2,861,30,450,16
,2013,12,863,45.5,841.75,16
,2013,11,865,278.4,4914,16
,2014,3,865,328.9,7400.25,16
,2013,10,867,5758.6,78496.4,16
,2013,11,867,2882.5,52344.5,16
,2013,12,867,1743,31940.5,16
,2014,1,867,1651.8,34178.7,16
,2014,2,867,1445.9,32437.05,16
,2014,3,867,75,1687.5,16
,2013,11,869,84.16,1346.56,16
,2013,10,870,194.3,3303.1,16
,2013,10,880,579.9,8698.5,16
,2013,12,883,36.6,677.1,16
,2013,12,897,417.8,8353.125,16
,2014,1,897,1016.4,22216.25,16
,2014,2,897,354.75,7698.125,16
,2014,3,897,551.13,13397.325,16
,2013,10,1034,18.1,253.4,16
,2014,3,1034,35,525,16
,2013,11,1035,101,1919,16
,2014,2,1035,166.5,3611.25,16
,2014,10,608,49,784,17
,2014,10,651,184,2975,17
,2014,11,651,47.3,653.05,17
,2014,12,651,57,1396.5,17
,2014,10,652,5820.08,96070.38,17
,2014,11,652,1933.78,37754.68,17
,2014,12,652,615.94,12905.09,17
,2015,1,652,227.7,5417.85,17
,2014,10,653,15528.85,252955.95,17
,2014,11,653,3066.6,59496.35,17
,2014,12,653,2807.9,63996.4,17
,2015,1,653,963.1,23336.45,17
,2015,2,653,515.4,12637.6,17
,2015,3,653,10.5,252,17
,2014,10,655,10143.25,168833.35,17
,2014,11,655,2086.75,41370.35,17
,2014,12,655,693,15310,17
,2015,2,655,82.9,1989.6,17
,2015,3,655,76,1824,17
,2014,10,656,3371.25,57077,17
,2014,11,658,15.7,306.15,17
,2014,12,658,224.1,4776.2,17
,2015,1,658,124,2891.5,17
,2015,3,658,6.1,152.5,17
,2014,10,664,2146,36114.525,17
,2014,11,664,1133.4,22054.35,17
,2014,12,664,862,20474.05,17
,2015,1,664,515.5,12587,17
,2015,2,664,33.9,830.55,17
,2014,10,665,15313.8,251708.5,17
,2014,11,665,6087.3,119408.7,17
,2014,12,665,4642.05,105599.015,17
,2015,1,665,2605.7,64345.25,17
,2015,2,665,1653.1,40624,17
,2015,3,665,569.5,14077.25,17
,2015,1,666,104.5,2299,17
,2014,12,667,287.7,6719.75,17
,2015,1,667,581.25,14630.575,17
,2015,2,667,322.3,7841.8,17
,2015,3,667,150.5,3722.3,17
,2015,2,668,60,1440,17
,2014,10,682,677,12389.1,17
,2014,12,682,191,4520.5,17
,2015,1,682,659,16656,17
,2015,2,682,31,775,17
,2014,10,683,2082.4,36270.95,17
,2014,11,683,381,7602.5,17
,2014,12,683,441.9,10355.8,17
,2015,1,683,271.4,6594.6,17
,2015,2,683,84.2,2090.9,17
,2015,3,683,63.6,1577.65,17
,2014,10,686,1709.8,29785.1,17
,2014,11,686,646.7,12185.15,17
,2014,12,686,1374.55,32844.275,17
,2015,1,686,490.9,11609.9,17
,2015,3,686,188.85,4627.75,17
,2015,2,697,250.2,5812.2,17
,2014,11,700,366,7161,17
,2015,1,702,147.6,3424.2,17
,2015,2,702,278.6,6477.5,17
,2015,3,702,40.4,929.2,17
,2014,11,704,137,2877,17
,2014,10,712,1802.9,30410.1,17
,2014,11,712,1369.1,28049,17
,2014,12,712,2214.2,50767.9,17
,2015,1,712,512.8,12392.1,17
,2015,2,712,1407,33877.55,17
,2015,3,712,896.2,21486.5,17
,2014,11,714,50,1025,17
,2015,2,714,35.8,823.4,17
,2014,10,718,1312,21239.925,17
,2014,11,718,368.4,6952.1,17
,2014,12,718,125.1,2781.55,17
,2015,1,718,109.8,2557.9,17
,2015,2,718,229.9,5277.8,17
,2014,10,719,19399.45,319332.81,17
,2014,11,719,7558.09,143836.805,17
,2014,12,719,12917.04,287574.365,17
,2015,1,719,10334.45,252285.865,17
,2015,2,719,3739.85,89785.2,17
,2015,3,719,1959.53,46572.46,17
,2014,10,734,170,2802,17
,2014,11,734,259,4403,17
,2014,12,734,80,1600,17
,2015,1,734,22,440,17
,2015,3,734,21,420,17
,2014,10,739,1453.4,23438.4,17
,2014,11,739,458.2,8297,17
,2014,12,739,510.1,11090.95,17
,2015,1,739,398.4,8515.6,17
,2015,2,739,330.6,6961.8,17
,2015,3,739,292.7,6285.1,17
,2014,12,740,211.6,4803.8,17
,2015,1,740,497.6,12402.85,17
,2015,2,740,1256.2,29611.65,17
,2015,3,740,1167.81,27611.945,17
,2015,1,741,37.6,871.35,17
,2015,2,741,27.6,642.9,17
,2015,2,742,183.4,4218.2,17
,2014,10,745,1855.1,30343.6,17
,2014,11,745,1313,22911.6,17
,2014,12,745,243,4860,17
,2015,1,745,139,2780,17
,2014,10,752,38.25,612,17
,2014,10,756,14326.38,232411.405,17
,2014,11,756,3702.35,66232.175,17
,2014,12,756,1803.9,37311.3,17
,2015,1,756,842.15,19786.2,17
,2015,2,756,469.6,11451.2,17
,2015,3,756,107.5,2633.75,17
,2014,10,759,211.45,4017.55,17
,2014,11,759,48.4,968,17
,2014,10,763,123.6,2141.1,17
,2014,10,767,169.35,2540.25,17
,2014,10,801,7571.1,123939.765,17
,2014,11,801,2945.99,55697.57,17
,2014,12,801,2403.65,52616.045,17
,2015,1,801,1230.31,30094.345,17
,2015,2,801,2280.44,56199.58,17
,2015,3,801,302.28,7402.86,17
,2014,10,802,1094.9,16423.5,17
,2014,12,802,29.1,669.3,17
,2015,1,802,59.4,1485,17
,2015,2,803,195.32,4852.3,17
,2015,1,806,200.26,4806.24,17
,2014,10,810,289.56,4777.74,17
,2014,11,810,191.22,3537.57,17
,2014,10,813,8229,137111.5,17
,2014,11,813,2831.4,56218.35,17
,2014,12,813,4196.1,94181.6,17
,2015,1,813,5408.5,128191.25,17
,2015,2,813,1716.73,41243.15,17
,2015,3,813,1550.69,37174.605,17
,2014,10,822,3920.26,65671.18,17
,2014,11,822,9522,191532.505,17
,2014,12,822,235.05,5204.3575,17
,2015,1,822,111.58,2768.19,17
,2015,2,822,195.68,4781.16,17
,2015,3,822,457.42,11117.84,17
,2014,10,824,371,6678,17
,2014,10,840,304.4,5174.8,17
,2014,11,847,77,1386,17
,2014,10,849,4830.6,80669.65,17
,2014,11,849,3145.4,57137.45,17
,2014,12,849,536,10971,17
,2015,1,849,583.8,12781.5,17
,2015,2,849,8,0,17
,2014,10,850,17544.93,283177.863,17
,2014,11,850,9255.2,177943.1775,17
,2014,12,850,7461.24,166370.66,17
,2015,1,850,5090.7,124090.835,17
,2015,2,850,5892.95,144082.215,17
,2015,3,850,1686.66,40797.67,17
,2015,2,852,199.02,4866.84,17
,2015,3,852,183.44,4439.48,17
,2015,1,857,37,851,17
,2014,11,861,22,363,17
,2015,1,865,804.45,19508.25,17
,2015,2,865,1227.65,30691.25,17
,2014,10,866,117,1696.5,17
,2014,10,867,4035,58153.5,17
,2014,11,867,2493,47771.5,17
,2014,12,867,1959.1,41804.45,17
,2015,1,867,149.5,3391.25,17
,2015,2,867,275,6300,17
,2015,3,867,56.2,1292.6,17
,2014,10,869,1739.45,29535.9,17
,2014,11,869,56.3,1025.35,17
,2014,12,869,28.9,635.8,17
,2015,1,869,16.35,408.75,17
,2015,2,869,103.05,2478.75,17
,2015,3,869,37.8,756,17
,2014,12,871,414.8,8971.4,17
,2015,1,871,360.3,8149.9,17
,2015,2,871,144.3,3318.9,17
,2014,10,880,280.56,4728.22,17
,2014,12,880,37.3,708.7,17
,2015,3,880,805.32,19730.34,17
,2015,2,890,318,7314,17
,2015,1,897,1268,28587.5,17
,2015,3,897,253,6198.5,17
,2014,11,1034,215.3,4090.7,17
,2015,2,1034,124.98,3048.76,17
,2014,10,1035,113,2067.9,17
,2014,12,1035,127.8,2875.5,17
,2015,3,1035,423,10098.5,17
,2015,11,605,185.8,4552.1,18
,2015,12,605,166.9,3838.7,18
,2016,2,608,803.5,15668.25,18
,2015,10,643,917.4,14826.9,18
,2015,11,643,135,2632.5,18
,2015,12,645,469,9849,18
,2016,1,645,56,1120,18
,2015,10,651,877.9,14184.3,18
,2015,11,651,117.2,2285.4,18
,2016,2,651,4,90,18
,2015,10,652,2784.7,45753.35,18
,2015,11,652,893.85,19443.1,18
,2015,12,652,436.7,10129.55,18
,2016,3,652,53.68,193.6,18
,2015,10,653,5920.68,91925.625,18
,2015,11,653,2777.62,62555.77,18
,2015,12,653,3371.43,77928.98,18
,2016,1,653,2528.53,57907.63,18
,2016,2,653,571.4,12362.6,18
,2016,3,653,347.9,7263.1,18
,2015,10,655,4185.35,65229,18
,2015,11,655,648.5,12583.75,18
,2015,12,655,504.7,11414.3,18
,2016,1,655,82.5,1534.5,18
,2016,2,655,48,860,18
,2015,11,656,162,3726,18
,2015,12,656,975.35,22669.5,18
,2016,1,656,548.6,11276.8,18
,2016,2,656,315.3,6230.05,18
,2016,3,656,107,1425,18
,2015,12,658,133.5,2868.75,18
,2016,1,658,266.95,6290.5625,18
,2016,3,659,170,3400,18
,2015,10,660,9.5,0.095,18
,2015,10,664,2162,34511.26,18
,2015,11,664,853.7,19205.65,18
,2015,12,664,296,7038.15,18
,2016,1,664,23.5,564,18
,2015,10,665,7796,124464.085,18
,2015,11,665,3909.9,85064.73,18
,2015,12,665,2601.07,56704.965,18
,2016,1,665,1546.65,31127.195,18
,2016,2,665,829.95,16884.515,18
,2016,3,665,722.2,14654.98,18
,2015,11,666,314.6,6824.5,18
,2015,12,667,375.3,8270.1,18
,2016,1,667,250.95,5971.175,18
,2016,2,667,219.05,4894.875,18
,2016,3,667,315.55,6605.55,18
,2015,10,669,523.5,7852.5,18
,2015,10,682,128,1920,18
,2015,11,682,134.3,2902.35,18
,2015,10,683,1091.4,17098.5,18
,2015,11,683,1120.95,25675.24,18
,2015,12,683,1086.27,24882.035,18
,2016,1,683,856.75,18198.28,18
,2016,2,683,601.5,10906.575,18
,2016,3,683,250.95,5238.45,18
,2015,10,686,566.8,9592,18
,2015,11,686,752.5,14744.3,18
,2015,12,686,357.5,8043.75,18
,2016,1,686,487.2,9024.3,18
,2016,2,686,569.2,11375.25,18
,2016,3,686,314.2,6048.9,18
,2015,10,700,559.05,8877.6,18
,2015,11,701,107.7,2638.65,18
,2015,10,702,33.6,604.8,18
,2015,11,702,191.9,4484.1,18
,2015,12,702,564.5,12522.55,18
,2016,1,702,4606.13,96188.61,18
,2016,2,702,4060.6,80289.8,18
,2016,3,702,2193.7,43271.9,18
,2016,2,703,331.8,5482.81,18
,2016,3,703,517.9,10115.3,18
,2015,10,705,601,9421.5,18
,2015,10,712,3392.3,53803.55,18
,2015,11,712,2883.5,62103.65,18
,2015,12,712,2921.1,62121.3,18
,2016,1,712,2784.3,50156.75,18
,2016,2,712,3604.5,69470.95,18
,2016,3,712,872.1,16867.35,18
,2015,10,715,99.2,1785.6,18
,2015,10,718,628.3,9424.5,18
,2015,11,718,148,3273.6,18
,2015,12,718,65.7,1543.95,18
,2015,10,719,15567.6,250776.815,18
,2015,11,719,4666.15,102271.1,18
,2015,12,719,6292.9,140447.18,18
,2016,1,719,7127.82,155890.365,18
,2016,2,719,3672.4,73462.195,18
,2016,3,719,2912.7,59878.65,18
,2016,1,721,60.6,1333.2,18
,2016,2,721,418.8,8429.8,18
,2016,2,723,92.1,1784,18
,2016,3,723,45.4,873.6,18
,2015,10,735,261.25,4747.875,18
,2015,11,735,206.5,4598.3,18
,2015,12,735,82.3,1851.75,18
,2016,1,735,1253.9,25721.625,18
,2015,10,736,41.25,742.5,18
,2015,11,736,36.55,817.15,18
,2015,10,739,405.25,6944.075,18
,2015,11,739,387.21,9047.99,18
,2015,12,739,77.75,1726,18
,2016,1,739,89.2,2185.4,18
,2016,2,739,117.45,2783.8,18
,2015,10,740,847.45,15154.875,18
,2015,11,740,734.32,16943.18,18
,2015,12,740,2310.52,54309.69,18
,2016,1,740,2065.54,47355.1175,18
,2016,2,740,735.45,17014.39,18
,2016,3,740,742.07,16217.1,18
,2015,11,741,17,408,18
,2015,12,741,8.8,147.95,18
,2015,10,742,4.5,76.5,18
,2015,11,742,211.5,5710.5,18
,2015,10,745,93.4,1401,18
,2015,11,745,451,9922,18
,2015,12,745,146,2774,18
,2015,11,746,129,3006,18
,2015,10,748,150.8,2563.6,18
,2015,12,748,88.1,1894.15,18
,2015,10,750,33.7,539.2,18
,2016,1,754,31,465,18
,2015,10,756,8092.67,123724.605,18
,2015,11,756,2853.06,61099.32,18
,2015,12,756,1451.17,30750.465,18
,2016,1,756,304.41,6803.675,18
,2016,2,756,119.7,2693.25,18
,2016,3,756,68.34,1537.65,18
,2015,10,758,815.77,12648.59,18
,2015,10,759,218.9,3321.9,18
,2016,1,760,566.38,12426.46,18
,2016,2,760,1221.64,25206.255,18
,2015,11,774,110.4,2428.8,18
,2015,10,801,3724.04,58814.095,18
,2015,11,801,2097.83,48682.565,18
,2015,12,801,2405.76,58183.215,18
,2016,1,801,3064.8,71786.75,18
,2016,2,801,973.84,22772.83,18
,2016,3,801,432.91,9319.05,18
,2015,12,802,45.25,1086,18
,2016,2,802,153.65,3457.125,18
,2015,10,806,274.58,4276.6,18
,2015,11,806,86,2107,18
,2015,10,813,11806.3,189014.8,18
,2015,11,813,5435.51,116224.465,18
,2015,12,813,6843.28,154662.07,18
,2016,1,813,6214.23,124285.16,18
,2016,2,813,3062.26,63750.365,18
,2016,3,813,745.15,14668.275,18
,2015,10,822,1301.93,21220.23,18
,2015,11,822,547.16,12426.435,18
,2015,12,822,196.66,4765.58,18
,2016,1,822,67.8,1640.57,18
,2016,2,822,172.12,3987.36,18
,2016,3,832,529.4,11117.4,18
,2015,10,840,152.5,2440,18
,2015,12,840,116.3,2733.05,18
,2016,1,840,711.9,16240.35,18
,2015,10,849,396.5,6474,18
,2015,11,849,370.5,7731.5,18
,2015,12,849,788,17730,18
,2016,1,849,724.75,15811.075,18
,2016,2,849,83,1784.5,18
,2016,3,849,40.4,848.4,18
,2015,10,850,8138.3,131317.115,18
,2015,11,850,6361.88,157900.53,18
,2015,12,850,3598.11,85927.49,18
,2016,1,850,2227.24,54124.18,18
,2016,2,850,3506.87,80114.415,18
,2016,3,850,789.6,16796.95,18
,2015,10,861,109.5,1587.75,18
,2015,11,861,64.15,1656,18
,2015,12,861,88,1938.2,18
,2015,10,862,243,3766.5,18
,2015,12,862,44.5,1001.25,18
,2016,1,864,7.2,144,18
,2015,11,865,284.7,7686.9,18
,2015,10,867,2169.29,33552.145,18
,2015,11,867,700.45,16919.5,18
,2015,12,867,876.2,20119.8,18
,2016,1,867,272.05,5919.65,18
,2016,2,867,249.65,5263.875,18
,2015,11,868,45.05,991.1,18
,2015,10,869,972.1,15817.5,18
,2015,11,869,82.5,1691.25,18
,2015,10,880,289.2,5136.45,18
,2016,2,880,82.75,1820.5,18
,2016,2,897,8.5,178,18
,2016,3,897,14,280,18
,2015,11,1032,580.82,14478.44,18
,2015,10,1033,72.8,1346.8,18
,2015,11,1033,216.1,4962.6,18
,2015,10,1035,273,4284,18
,2015,12,1035,322.7,7145.05,18
,2017,3,608,212,3774,19
,2017,2,623,16.95,355.95,19
,2016,10,632,144,2880,19
,2016,12,632,125,2875,19
,2016,12,639,309,6798,19
,2016,12,643,34.5,707.25,19
,2017,1,644,51.9,1141.8,19
,2016,11,651,47,1081,19
,2016,10,652,2306.5,42875.6,19
,2016,11,652,1938.55,42231.4,19
,2016,12,652,43,0,19
,2017,1,652,315.1,6877.8,19
,2016,10,653,6813.15,131244,19
,2016,11,653,2322.27,50270.11,19
,2016,12,653,2052.05,45191.8,19
,2017,1,653,1212.35,26803.8,19
,2017,2,653,1593.1,35410.8,19
,2017,3,653,506.46,9384.92,19
,2016,10,655,3349.8,62950.95,19
,2016,11,655,936.4,19608.3,19
,2016,12,655,328.1,6457.8,19
,2017,1,655,36,792,19
,2016,11,656,46.1,922,19
,2016,12,656,60.1,1232.05,19
,2017,2,656,27.9,530.1,19
,2016,10,658,600.6,12012,19
,2016,11,658,264.1,6074.3,19
,2016,12,658,38.2,878.6,19
,2016,12,659,189.5,4074.25,19
,2017,2,659,44,880,19
,2016,10,664,500.73,9699.565,19
,2016,11,664,358.4,7935.2,19
,2016,12,664,146.04,3247.035,19
,2017,1,664,277.05,6299.2,19
,2016,10,665,2763.4,50212.65,19
,2016,11,665,2953,64406.1,19
,2016,12,665,3018.45,67854.65,19
,2017,1,665,2570.25,58607.65,19
,2017,2,665,1344.7,27345.2,19
,2017,3,665,740.4,12229.75,19
,2016,11,666,285.7,6142.55,19
,2016,12,666,99.3,2184.6,19
,2017,3,667,44.85,829.725,19
,2016,11,675,134.5,2959,19
,2016,10,678,467.3,8878.7,19
,2016,10,679,272,5168,19
,2016,10,682,720,13799,19
,2016,11,682,403.3,9145.25,19
,2016,12,682,47,1104.5,19
,2017,1,682,119.5,2785.5,19
,2016,10,683,375.8,6511.7,19
,2016,11,683,110.5,2541.5,19
,2016,12,683,279.9,6333.3,19
,2017,1,683,323,7429,19
,2017,2,683,323,6720,19
,2017,3,683,517.3,9328.05,19
,2016,10,686,619.55,11920.875,19
,2016,11,686,611.5,13022.35,19
,2016,12,686,215.55,4667.9,19
,2017,1,686,56,1232,19
,2017,3,686,58.6,1072.6,19
,2017,2,697,18.7,374,19
,2016,12,698,582,11931,19
,2017,1,701,268.82,5696.6,19
,2016,10,702,276,5139,19
,2016,12,702,720.3,15386.9,19
,2017,1,702,1670.7,35454.4,19
,2017,2,702,833.1,16612.3,19
,2017,3,702,703.4,12403.4,19
,2016,10,712,5891.05,112108.6,19
,2016,11,712,1337.5,27785,19
,2016,12,712,3338.1,70903.05,19
,2017,1,712,2647.3,57344.45,19
,2017,2,712,715.3,14182.8,19
,2017,3,712,2443.81,43287.2375,19
,2016,10,714,82.6,1652,19
,2017,1,714,468.16,9630.89,19
,2017,1,716,247.34,5113.07,19
,2016,11,718,379.4,8086.25,19
,2017,1,718,109,2343.5,19
,2017,2,718,93.8,1782.2,19
,2016,10,719,5707.52,108643.15,19
,2016,11,719,7910.4,173959.4,19
,2016,12,719,5900.75,126172.4,19
,2017,1,719,7676.15,170570.15,19
,2017,2,719,5679.67,111482.05,19
,2017,3,719,2594.35,46698.45,19
,2017,1,721,280.8,5896.8,19
,2017,2,721,121,2541,19
,2017,3,721,13.2,231,19
,2016,10,739,309.4,5997.5,19
,2016,11,739,332.6,7378.1,19
,2016,12,739,309.4,6953.8,19
,2017,1,739,204.2,4288.2,19
,2017,2,739,862.8,18081.4,19
,2017,3,739,41.7,729.75,19
,2016,10,740,168.4,3422.9,19
,2016,11,740,678.8,14771.6,19
,2016,12,740,364.95,8042.875,19
,2017,1,740,1018.75,22730.15,19
,2017,2,740,1319,28780.15,19
,2017,3,740,530.4,9715.625,19
,2017,1,741,17.2,361.2,19
,2016,10,742,121.8,2314.2,19
,2016,11,744,314,6437,19
,2017,2,747,37,777,19
,2016,10,756,4730.75,87403.675,19
,2016,11,756,2740.45,58537.8125,19
,2016,12,756,1794.3,36012.25,19
,2017,1,756,924.1,20986.775,19
,2017,2,756,204.9,4187.1,19
,2017,3,756,172.55,3105.9,19
,2016,11,758,94.65,2176.95,19
,2016,10,759,11.8,230.1,19
,2016,11,759,8.6,172,19
,2016,10,767,66.1,1255.9,19
,2017,1,770,228.8,5262.4,19
,2016,10,801,4136.34,85523.98,19
,2016,11,801,1509.68,34591.56,19
,2016,12,801,1484.16,33143.57,19
,2017,1,801,2898.52,63381.24,19
,2017,2,801,2068.34,43210.15,19
,2017,3,801,1065.31,19452.97,19
,2016,10,802,1534,30531.05,19
,2016,11,802,1351.2,30250.275,19
,2016,12,802,903.9,20201.675,19
,2017,1,802,556.6,12801.8,19
,2017,2,802,674.05,13859.85,19
,2017,3,802,113.2,2150.8,19
,2016,10,813,6129.45,116920.875,19
,2016,11,813,6439.85,135610.175,19
,2016,12,813,6545.8,141772.95,19
,2017,1,813,3188.89,69848.77,19
,2017,2,813,1406.5,26869.75,19
,2017,3,813,1112.25,19959.1,19
,2016,11,817,118,2832,19
,2016,12,817,269,6456,19
,2017,1,817,315,7245,19
,2017,2,817,49,1176,19
,2016,10,822,1460.32,29126.935,19
,2016,11,822,328.08,7483.265,19
,2016,12,822,364.56,8207,19
,2017,1,822,398.84,9045.92,19
,2017,2,822,178.26,3686.3,19
,2017,3,822,91.28,1779.96,19
,2016,10,829,81,1539,19
,2016,11,829,92,1890,19
,2016,12,829,105.2,2367,19
,2016,12,846,241,5023.6,19
,2017,1,846,365.9,7798.85,19
,2017,2,846,218.05,4797.1,19
,2017,3,846,128.85,2448.15,19
,2016,10,849,1499.36,28213.84,19
,2016,11,849,1051.29,23312.885,19
,2016,12,849,755,16609.2,19
,2017,1,849,479,10360.5,19
,2017,2,849,254.2,4887.5,19
,2017,3,849,56.5,1032.5,19
,2016,10,850,12481.2,243167.99,19
,2016,11,850,6409.25,143668.5,19
,2016,12,850,4649.8,105221.75,19
,2017,1,850,2839.45,63888.1,19
,2017,2,850,445.7,9385.3,19
,2017,3,850,438.35,8173.95,19
,2016,10,859,190.2,3418.6,19
,2016,10,862,235.15,4232.7,19
,2016,10,865,1003,19057,19
,2016,11,866,41.85,890.425,19
,2016,10,867,180,3420,19
,2016,11,867,96.45,2146.0125,19
,2016,12,867,309.5,6705.75,19
,2017,1,867,380.35,8174.55,19
,2017,2,867,27.8,625.5,19
,2017,3,867,238.8,3712.75,19
,2016,10,868,553.5,10947.25,19
,2016,10,869,159,2862,19
,2016,11,869,79.2,1742.4,19
,2017,3,869,40.5,729,19
,2016,11,871,36,828,19
,2017,2,874,176,3520,19
,2016,10,880,33.5,670,19
,2016,12,880,273.2,5737.2,19
,2016,12,897,186.26,4190.85,19
,2017,1,897,313,6886,19
,2017,2,897,1080.08,23530.3,19
,2017,3,897,403,7278,19
,2016,10,950,3481.1,65311.425,19
,2016,10,1033,525,10204.75,19
,2017,3,1033,46.9,797.3,19
,2016,10,1035,376.8,7159.2,19
,2017,10,605,152.2,2739.6,20
,2018,2,606,117,2164.5,20
,2018,2,619,409.3,7776.7,20
,2017,10,635,440,7480,20
,2018,3,639,165,3059,20
,2017,10,651,1454.85,25414.2,20
,2017,11,651,138,2720,20
,2018,1,651,163,3307,20
,2018,2,651,63,1323,20
,2018,3,651,43,903,20
,2017,10,652,1709,30628.6,20
,2017,11,652,1254.2,23818.9,20
,2017,12,652,406.5,7723.5,20
,2018,1,652,38.9,778,20
,2018,2,652,59.2,1095.2,20
,2017,10,653,6472.8,112434.3,20
,2017,11,653,3369.28,62275.32,20
,2017,12,653,3417.6,64743.1,20
,2018,1,653,1980.6,36956.2,20
,2018,2,653,946.1,18191.2,20
,2018,3,653,359.2,6814.1,20
,2017,10,655,1484.3,25111.1,20
,2017,11,655,150.4,2857.6,20
,2017,12,655,190,3581.5,20
,2018,1,655,128.8,2318.4,20
,2018,2,655,189.3,3596.7,20
,2017,11,656,493.1,9368.9,20
,2017,12,656,980.2,18490.8,20
,2018,1,656,1641.1,32424.5,20
,2018,2,656,175.8,3340.2,20
,2018,3,656,242.8,4798.5,20
,2018,3,659,124,2356,20
,2017,12,661,83,1577,20
,2017,10,664,725.03,12421.73,20
,2017,11,664,1531.25,28517.51,20
,2017,12,664,632.69,9120.26,20
,2018,1,664,463.02,8538.8202,20
,2018,2,664,249,5083,20
,2018,3,664,235,4935,20
,2017,10,665,5633.01,97963.535,20
,2017,11,665,3642.1,69710.4,20
,2017,12,665,2850.4,54338.6,20
,2018,1,665,2340.6,46259.7,20
,2018,2,665,1023.85,20343.75,20
,2018,3,665,574.9,11293.82,20
,2017,10,666,136,2584,20
,2018,2,666,17.6,334.4,20
,2017,10,667,77.95,1403.1,20
,2017,12,682,104.3,1981.7,20
,2017,10,683,522.8,9259.9,20
,2017,11,683,350.7,6133.7,20
,2017,12,683,526.9,10375.1,20
,2018,1,683,1789.8,35026.2,20
,2018,2,683,238.3,4713.7,20
,2018,3,683,299.5,5990,20
,2017,10,686,490.1,8578.8,20
,2017,11,686,865.2,15600.9,20
,2017,12,686,386,7334,20
,2018,1,686,400.9,7480.2,20
,2018,2,686,148.3,2798.2,20
,2017,12,702,179,3535.25,20
,2018,1,702,190,3658.2,20
,2018,2,702,3142.9,58808.5,20
,2018,3,702,1463.4,27163.21,20
,2017,10,712,4585.2,78718.475,20
,2017,11,712,3019.1,55839.3,20
,2017,12,712,626.8,11852.2,20
,2018,1,712,518.6,10212,20
,2018,2,712,215.6,4096.4,20
,2018,3,712,317.9,6186,20
,2017,12,717,650,12252,20
,2018,2,717,224.5,4014.5,20
,2018,3,717,124,2128,20
,2017,10,718,411.2,7479.5,20
,2017,11,718,92.8,1740,20
,2017,12,718,276.2,5242.15,20
,2018,1,718,60,1170,20
,2018,2,718,288.4,5578.3,20
,2018,3,718,22.2,432.9,20
,2017,10,719,16383.8,290278.131,20
,2017,11,719,5699.1,108628.985,20
,2017,12,719,4501.5,88609.275,20
,2018,1,719,11235.55,217660.3,20
,2018,2,719,4235.85,82817.19,20
,2018,3,719,1545.8,31155.8,20
,2017,10,730,304.45,5480.1,20
,2018,3,731,30.6,596.7,20
,2017,10,735,504.5,8830.3,20
,2018,1,736,99.7,1912.8,20
,2017,10,739,105.9,1906.2,20
,2017,11,739,177.7,3331.875,20
,2017,12,739,54,1039.5,20
,2018,1,739,229.45,4367.0375,20
,2018,2,739,94.15,2000.6875,20
,2018,3,739,98.45,2116.675,20
,2017,11,740,101.9,1936.1,20
,2017,12,740,296.55,5842.3,20
,2018,1,740,201.4,4028,20
,2018,2,740,100,1800,20
,2017,10,741,90.04,1620.72,20
,2017,10,742,233.2,4197.6,20
,2017,10,745,250.8,4514.4,20
,2017,10,748,184.7,3324.6,20
,2017,10,755,107.1,1874.25,20
,2017,10,756,11782.89,209229.72,20
,2017,11,756,4646.95,87289.675,20
,2017,12,756,2133.7,40277.025,20
,2018,1,756,1569.55,30128.975,20
,2018,2,756,663.15,13668.85,20
,2018,3,756,56.05,1140.075,20
,2017,10,758,682.3,12281.4,20
,2017,11,759,64.5,1193.25,20
,2017,10,760,461,7759,20
,2017,11,760,103,1771,20
,2017,10,763,1256.6,23247.1,20
,2017,10,767,570.5,10269,20
,2017,11,767,82.4,1565.6,20
,2018,1,800,279.1,5486.45,20
,2018,2,800,734.45,11676.24,20
,2017,10,801,7077.14,125845.38,20
,2017,11,801,2382.65,45112.375,20
,2017,12,801,1168.1,23202.45,20
,2018,1,801,2320.54,44734.6,20
,2018,2,801,552.43,11215.66,20
,2018,3,801,285.3,6041.85,20
,2017,10,802,82.78,1407.26,20
,2017,11,802,70.78,1344.82,20
,2017,12,802,136.18,2637.055,20
,2018,2,802,66.26,1408.025,20
,2017,10,806,20,360,20
,2017,10,813,9390.5,162346,20
,2017,11,813,5352.5,99604.5,20
,2017,12,813,2237.6,42397.3,20
,2018,1,813,3890.84,74145.26,20
,2018,2,813,803,15226,20
,2018,3,813,545.5,10651.25,20
,2017,10,822,3400.77,60186.9,20
,2017,11,822,518.74,9290.06,20
,2017,12,822,188.66,3721.47,20
,2018,1,822,260.56,5103.065,20
,2018,3,822,113.28,2435.52,20
,2017,12,829,295.8,5916,20
,2018,1,840,19.2,384,20
,2017,11,846,459.75,8535.4,20
,2018,1,846,153,2907,20
,2017,10,849,1794.2,31799.7,20
,2017,11,849,1674.2,31090.7,20
,2017,12,849,2074.93,40592.55,20
,2018,1,849,1390.8,26716.45,20
,2018,2,849,1409.95,27226.7,20
,2018,3,849,390.7,7760.05,20
,2017,10,850,10051.1,179552.25,20
,2017,11,850,7478.15,141449.5,20
,2017,12,850,3917.15,78263,20
,2018,1,850,3240.1,63966.2,20
,2018,2,850,1129.61,23037.2,20
,2018,3,850,219.75,4412.25,20
,2017,10,856,220.7,3972.6,20
,2017,10,861,18.5,296,20
,2018,1,861,54,945,20
,2017,10,866,749.83,12999.695,20
,2017,10,867,2205.3,39461.9,20
,2017,11,867,455.7,8511.1,20
,2017,12,867,639,12478,20
,2018,1,867,265,5239,20
,2018,2,867,113,2260,20
,2017,10,869,651.1,11052.7,20
,2017,11,869,222,3996,20
,2018,3,869,85,1827.5,20
,2018,2,870,25.5,471.75,20
,2017,11,880,41.5,767.75,20
,2017,10,881,58.3,991.1,20
,2018,1,897,218.5,4151.5,20
,2018,2,897,428.56,8676.3,20
,2018,3,897,1243.94,25917.71,20
,2018,1,1034,47.4,853.45,20
,2018,1,1035,77,1386,20
,2005,12,209,337,3201.5,8
,2004,2,219,5,37.5,6
,2014,11,219,113.8,2162.2,17
,2003,12,220,92,690,6
,2003,12,228,35,280,6
,2005,2,231,67,469,7
,2004,12,238,18,126,7
,2017,2,238,15.7,329.7,19
,2005,10,241,73.2,585.6,8
,2009,2,256,46,460,11
,2004,10,257,36.3,217.8,7
,2004,10,260,376,2444,7
,2004,10,262,265.8,1727.7,7
,2016,1,265,165.44,3376.34,18
,2017,10,277,241.55,4096.15,20
,2004,10,301,75,637.5,7
,2018,3,408,57,1140,20
,2012,1,419,57.4,1004.5,14
,2012,2,419,51,892.5,14
,2014,10,456,62.45,1124.1,17
,2015,11,456,18.15,471.9,18
,2014,10,457,244.6,3424.4,17
,2016,1,465,437.75,8512.05,18
,2004,1,488,243,2065.5,6
,2003,10,507,100,726,6
,2003,12,519,60,420,6
,2007,1,550,148,1406,9
,2012,10,550,104.4,1044,15
,2013,3,552,16,0,15
,2003,11,553,59.3,380.1,6
,2010,11,553,370,6038.05,13
,2010,12,553,251.4,4158.95,13
,2011,1,553,71,1270.9,13
,2011,2,553,92.5,1665,13
,2011,3,553,41.7,750.6,13
,2010,11,554,27.9,350.4,13
,2015,1,554,66.2,1621.9,17
,2011,3,555,18.5,342.25,13
,2003,10,560,82,574,6
,2003,12,560,59,413,6
,2004,10,560,171,1111.5,7
,2004,11,560,32.5,16.25,7
,2014,10,560,67.7,1150.9,17
,2009,10,563,89.7,897,12
,2010,12,563,80.9,1355.075,13
,2011,10,564,55,935,14
,2005,12,565,54.4,508.64,8
,2017,11,565,30,570,20
,2015,10,600,159,2340,18
,2017,11,603,446.4,8481.6,20
,2018,2,603,170.35,3407,20