reserves_after,year,month,block,total_lbs,total_value ,season
,2003,10,654,4874.1,33434.175,6
,2003,11,654,2782.85,19153.3325,6
,2003,12,654,841.9,6351.65,6
,2003,1,654,419.02,3418.895,6
,2003,2,654,370.2,2958.775,6
,2003,3,654,182.73,1581.254,6
,2004,10,657,2282.1,7075.14,6
,2004,11,657,2410.7,16998.65,6
,2004,12,657,2282.5,16906.44,6
,2004,1,657,579.9,4737.93,6
,2004,2,657,388.3,3178.075,6
,2004,3,657,383.68,3173.96,6
,2004,10,680,4167.5,28470.825,6
,2004,11,680,2343.6,16137.09,6
,2004,12,680,2635.23,15293.1575,6
,2004,1,680,2269.19,18180.7675,6
,2004,2,680,1694.44,13568.862,6
,2004,3,680,2000.95,16213.16,6
,2005,10,681,476.5,3797.5,6
,2005,11,681,516.4,3801.33,6
,2005,12,681,732.3,5382.245,6
,2005,1,681,388.7,3172.405,6
,2005,2,681,211.45,1705.725,6
,2005,3,681,39.6,331.35,6
,2006,10,684,2979.3,20227.955,6
,2006,11,684,2155,14688.27,6
,2006,12,684,1823.25,13425.04,6
,2006,1,684,779.4,6153.8,6
,2006,2,684,170.9,1409.925,6
,2006,3,684,293.4,2459.05,6
,2006,10,685,95.8,670.6,6
,2006,10,685,95.8,670.6,6
,2006,11,685,401.9,2913.775,6
,2006,12,685,1092.4,7986.35,6
,2006,1,685,525.1,4200.8,6
,2006,3,685,21,178.5,6
,2007,10,687,2245.6,15268.275,6
,2007,11,687,3161.7,21696.04,6
,2007,12,687,3644.9,26830.655,6
,2007,1,687,1634.2,13143.05,6
,2007,2,687,188.3,1553.475,6
,2007,3,687,1007.5,8116.3,6
,2008,10,688,8554.5,58415.61,6
,2008,11,688,7857.4,55305.03,6
,2008,12,688,6406.9,47909.815,6
,2008,1,688,5199,42404.64,6
,2008,2,688,4481.3,36967.48,6
,2008,3,688,5534.8,44283.35,6
,2008,5,688,1664,1996.8,6
,2008,10,689,1252.6,8841.4,6
,2008,11,689,2773.9,19478.63,6
,2008,12,689,4091.9,29883.835,6
,2008,1,689,4904,39656.245,6
,2008,2,689,3089.4,25226.04,6
,2008,3,689,4070.9,31070.825,6
,2009,12,690,859.7,6793.6,6
,2009,1,690,4671.6,37931.26,6
,2009,2,690,3408.5,27821.93,6
,2009,3,690,1310.9,10277.25,6
,2010,10,707,2344,16408,6
,2010,11,707,131.4,919.8,6
,2010,12,707,168.1,1260.75,6
,2003,10,708,15614.4,108798.605,6
,2003,11,708,8171.3,57792.46,6
,2003,12,708,3751.7,27774.13,6
,2004,1,708,1424.86,11102.03,6
,2004,2,708,526.7,4285.675,6
,2004,3,708,348,2639,6
,2003,10,709,1218.9,8535.975,6
,2003,11,709,2788,19714.165,6
,2003,12,709,728.1,5408.67,6
,2004,1,709,1014.8,8234.44,6
,2004,2,709,174.6,1440.45,6
,2004,3,709,184.7,1523.775,6
,2003,12,710,627.3,4754.25,6
,2004,1,710,415.9,3282.7,6
,2004,2,710,144,1080,6
,2004,3,710,452.8,3658.6,6
,2010,10,711,3039.44,21917.08,6
,2010,11,711,4970.6,35767.75,6
,2010,12,711,1879.1,14118.885,6
,2010,1,711,959.5,7815.05,6
,2010,2,711,384.4,3190.52,6
,2010,3,711,588.4,4937.4,6
,2011,10,720,8416,58163.865,6
,2011,11,720,2145.7,15525.125,6
,2011,12,720,3313,23838,6
,2011,1,720,2391.3,17977.6,6
,2011,2,720,1866.97,14831.65,6
,2011,3,720,299.75,2382.575,6
,2012,10,737,3568.15,24554.2125,6
,2012,11,737,1244.4,8616.25,6
,2012,12,737,774.45,5221.8375,6
,2012,1,737,618.89,5071.82,6
,2012,2,737,496.4,4173.7,6
,2012,3,737,297,2487.25,6
,2012,10,738,7514.82,51259.515,6
,2012,11,738,2170,15261.3125,6
,2012,12,738,1343.4,8683.375,6
,2012,1,738,654.27,3171.085,6
,2012,2,738,783.1,6194.95,6
,2012,3,738,258.15,1700.1625,6
,2013,10,757,9347.22,66720.855,6
,2013,11,757,3669.1,27682.925,6
,2013,12,757,3253.9,25093.625,6
,2013,1,757,2502.89,20040.045,6
,2013,2,757,2150.13,17169.61,6
,2013,3,757,827.91,6649.745,6
,2004,1,761,1922,14415,6
,2004,2,761,2262,16965,6
,2004,3,761,707,5302.5,6
,2003,10,762,822.4,5646.05,6
,2003,11,762,526.6,3686.2,6
,2003,12,762,1560,10804,6
,2004,1,762,499,3814,6
,2004,2,762,327.5,2559.875,6
,2004,3,762,126.7,950.25,6
,2014,10,765,7475,50990.75,6
,2014,11,765,2272,16060.5,6
,2014,12,765,2145,15724.75,6
,2014,1,765,1588,11910,6
,2014,2,765,584,4380,6
,2014,3,765,513,3847.5,6
,2003,10,807,5891.8,39807.4,6
,2003,11,807,5095.77,35677.525,6
,2003,12,807,4493.5,32948.25,6
,2004,1,807,303,2307.5,6
,2004,2,807,121.1,942.25,6
,2003,10,814,5851.1,41436.72,6
,2003,11,814,3827.6,27711.9,6
,2003,12,814,1897.1,14004.23,6
,2004,1,814,1830.4,15015.86,6
,2004,2,814,1078.2,8807.655,6
,2004,3,814,746.9,5521.725,6
,2003,10,815,766,5362,6
,2015,10,821,20291.1,136080.2475,6
,2015,11,821,4981.5,35273.0625,6
,2015,12,821,3334.65,23094.575,6
,2015,1,821,2571.2,19564.3,6
,2015,2,821,1083.05,8427,6
,2015,3,821,242,1887.15,6
,2015,10,842,5068.2,35562.9,6
,2015,11,842,2513.9,17975.5,6
,2015,12,842,1803.1,12931.8,6
,2015,1,842,1131.5,8893.875,6
,2015,2,842,870,6797,6
,2015,3,842,203,1627.5,6
,2016,10,860,64925.7,460938.01,6
,2016,11,860,30701.6,214932.5175,6
,2016,12,860,17698.67,130290.39,6
,2016,1,860,8022.18,61996.315,6
,2016,2,860,4040.05,29200.55,6
,2016,3,860,2134.32,17313.23,6
,2017,10,877,664.5,4983.75,6
,2017,11,877,1069,8169.5,6
,2017,12,877,1422.8,11211.725,6
,2017,1,877,834.8,6501.9,6
,2017,2,877,436,3543.75,6
,2017,10,878,1920.8,14359.5,6
,2017,11,878,226,1582,6
,2017,1,878,363,3085.5,6
,2017,2,878,191.7,1644.3,6
,2018,3,878,32.2,289.8,6
,2003,10,654,8636.15,60955.375,7
,2003,11,654,3576.1,24872.65,7
,2003,12,654,2185.7,17616.9,7
,2003,1,654,1954.5,15540,7
,2003,2,654,981.5,8250.95,7
,2004,10,657,4169.4,28747.35,7
,2004,11,657,2575.4,17887.78,7
,2004,12,657,1478.1,11818.6,7
,2004,1,657,3335.3,26923.05,7
,2004,2,657,1793.3,14906.6,7
,2004,3,657,740.3,6416.15,7
,2004,10,680,1870.1,12440.65,7
,2004,11,680,2395.9,16569.61,7
,2004,12,680,2194.8,16595.375,7
,2004,1,680,3578.15,28625.2,7
,2004,2,680,4367.85,35811.0175,7
,2004,3,680,1202.4,10207.9,7
,2005,10,681,4967.02,34261.525,7
,2005,11,681,2584.85,16907.581,7
,2005,12,681,537,4337.1,7
,2005,1,681,892.32,7138.56,7
,2005,2,681,86.65,693.2,7
,2006,10,684,3386.55,23631.9875,7
,2006,11,684,4335.6,29769.375,7
,2006,12,684,1120.71,8816.415,7
,2006,1,684,224.1,1712.8,7
,2006,2,684,134.3,1141.55,7
,2006,10,685,114.4,772.2,7
,2006,11,685,386.3,2800.675,7
,2006,12,685,259.6,2037.86,7
,2006,2,685,441,3748.5,7
,2006,3,685,624.2,5305.7,7
,2007,10,687,2768.8,18446.9,7
,2007,11,687,1904.3,13210.5,7
,2007,12,687,375,3000,7
,2007,1,687,781.1,6340.75,7
,2007,2,687,1091.48,9267.29,7
,2007,3,687,81.4,691.9,7
,2008,10,688,5410.01,35752.1425,7
,2008,11,688,6327.65,42131.805,7
,2008,12,688,4532.78,35938.45,7
,2008,1,688,6677.1,53511.45,7
,2008,2,688,7887.3,66961.245,7
,2008,3,688,2222.8,18696.775,7
,2008,10,689,3217.6,22353.975,7
,2009,11,689,2831.3,19792.31,7
,2009,12,689,6211.7,48531.935,7
,2009,1,689,4689.8,37326.4,7
,2009,2,689,4519.3,38213.775,7
,2009,3,689,2199.1,17645.8,7
,2009,11,690,139.5,794.5,7
,2009,12,690,3928.9,30357.8,7
,2009,1,690,2730.9,22305.875,7
,2009,2,690,2755.9,23425.965,7
,2009,3,690,516.3,4379.495,7
,2010,10,707,473.7,3197.475,7
,2010,11,707,1090.6,7757.25,7
,2010,12,707,173.3,1386.4,7
,2010,1,707,647.9,5183.2,7
,2010,2,707,93.2,792.2,7
,2010,3,707,81,688.5,7
,2004,10,708,12277.8,88826.1,7
,2004,11,708,8382.5,59584.07,7
,2004,12,708,4471.3,35328.8,7
,2005,1,708,1879.5,15036,7
,2005,2,708,1077.8,6577.41,7
,2005,3,708,555.1,4194.75,7
,2004,10,709,1780,12516.9,7
,2004,11,709,705.3,4962.955,7
,2004,12,709,1303.6,10480.8,7
,2005,1,709,2550.6,20664.78,7
,2005,3,709,57.4,487.9,7
,2004,10,710,230.9,1904.925,7
,2004,11,710,3033.7,22029.82,7
,2004,12,710,4469.3,34864.5,7
,2005,1,710,586.2,4689.6,7
,2005,2,710,211.1,1794.35,7
,2010,10,711,2722.15,18581.5125,7
,2010,11,711,3619.2,25425.835,7
,2010,12,711,1808.8,14376.635,7
,2010,1,711,2158.4,19074.975,7
,2010,2,711,2297.3,20117.45,7
,2010,3,711,1974.3,16874.33,7
,2011,10,720,5927.8,44727.865,7
,2011,11,720,2864.25,21209.3225,7
,2011,12,720,4424.8,31859.4,7
,2011,1,720,4139.35,31213.2,7
,2011,2,720,2274,17816.1,7
,2011,3,720,1364.75,10358.5,7
,2012,10,737,13110.96,91509.62,7
,2012,11,737,1264.1,9006.65,7
,2012,12,737,474.75,3479.15,7
,2012,1,737,2551.04,20359.145,7
,2012,2,737,879.35,6704.65,7
,2012,3,737,83.7,669.6,7
,2013,10,738,9283.5,62213.9125,7
,2013,11,738,2995.65,19828.1125,7
,2013,12,738,3273.1,22323.1625,7
,2013,1,738,3029.65,23467.775,7
,2013,2,738,1129,7303.95,7
,2013,3,738,260.25,2076.8,7
,2013,10,757,17090.08,118911.9325,7
,2013,11,757,7021.96,52858.485,7
,2013,12,757,3924.75,31854.89,7
,2013,1,757,3033.9,25269.35,7
,2013,2,757,2185.95,17567.49,7
,2013,3,757,335.9,2347.7,7
,2005,2,761,30,300,7
,2004,10,762,8884.1,59840.25,7
,2004,11,762,6207.8,41925.875,7
,2004,12,762,4732.8,35633.825,7
,2005,1,762,3023.7,23408.125,7
,2005,2,762,2761.05,21096.525,7
,2005,3,762,1766.8,14134.4,7
,2004,12,764,161,1288,7
,2014,10,765,3150.1,21723.2,7
,2014,11,765,2830,18998,7
,2014,12,765,1818,12941,7
,2014,1,765,918,6856,7
,2004,10,807,1940,12610,7
,2005,1,807,245.9,1967.2,7
,2004,10,814,3101.65,21002.225,7
,2004,11,814,2884.5,19770.725,7
,2004,12,814,5111.3,40484.8,7
,2005,1,814,2305.1,18751.8,7
,2005,2,814,6840,57576.9,7
,2005,3,814,1805.3,14704.15,7
,2015,10,821,36083.1,238325.06,7
,2015,11,821,5949.15,37954.725,7
,2015,12,821,2034.5,14973.5,7
,2015,1,821,919.85,7262.8,7
,2015,2,821,1181.8,9047.9,7
,2015,3,821,559.65,4477.2,7
,2015,10,842,16170.6,106599.95,7
,2015,11,842,6712.9,44264.9,7
,2015,12,842,2057.13,14721.55,7
,2015,1,842,1615.07,13097.66,7
,2015,2,842,1123.4,8902.05,7
,2015,3,842,506.05,3620.8,7
,2016,10,860,96772.47,636815.66,7
,2016,11,860,40926.89,268646.295,7
,2016,12,860,19133.15,135757.2125,7
,2016,1,860,15712.1,117922.59,7
,2016,2,860,5547,41680.25,7
,2016,3,860,1572.9,10094.15,7
,2017,11,877,113,734.5,7
,2017,12,877,420,2928.5,7
,2017,1,877,200,1449.5,7
,2017,3,877,73.7,552.75,7
,2018,10,878,46,299,7
,2018,11,878,71,497,7
,2018,12,878,1058.1,8339.95,7
,2018,1,878,1206.41,9651.28,7
,2018,2,878,360.7,2885.6,7
,2018,3,878,138.85,1099.925,7
,2003,10,654,11362.4,92127.525,8
,2003,11,654,5805.8,49732.565,8
,2003,12,654,2718.57,26491.305,8
,2003,1,654,1491.5,15248.24,8
,2003,2,654,770.1,7730.6,8
,2003,3,654,320.84,3112.4,8
,2004,10,657,460.6,3684.8,8
,2004,11,657,2652.7,22688.24,8
,2004,12,657,1704.2,16257.9,8
,2004,1,657,1065.7,10372.44,8
,2004,2,657,736.6,7366,8
,2004,3,657,795.7,7973,8
,2004,10,680,1343.4,10509.55,8
,2004,11,680,3460,28452,8
,2004,12,680,3031.8,27786.25,8
,2004,1,680,1606.2,15813.6,8
,2004,2,680,2418.5,24185,8
,2004,3,680,1658.6,16774.375,8
,2005,10,681,1079,8188.14,8
,2005,11,681,1085,8870.325,8
,2005,12,681,1768.93,17058.35,8
,2005,1,681,2178.8,21788,8
,2005,2,681,1229.8,12298,8
,2005,3,681,161.8,1618,8
,2006,10,684,325.2,2656.025,8
,2006,11,684,419,3640.44,8
,2006,12,684,702.6,6555.95,8
,2006,1,684,1435.5,14265,8
,2006,2,684,236,2360,8
,2006,3,684,167.9,1679,8
,2006,10,685,85.9,687.2,8
,2006,11,685,74.7,672.3,8
,2006,12,685,586.8,5385.675,8
,2006,2,685,629,6290,8
,2006,3,685,152.7,1544.6,8
,2007,10,687,613.6,4748.8,8
,2007,11,687,3546.1,30134.445,8
,2007,12,687,1798.4,16760.79,8
,2007,1,687,1423.5,13765.72,8
,2007,2,687,905.5,8990,8
,2007,3,687,185.2,1852,8
,2008,10,688,1892.6,14973.1,8
,2008,11,688,2133.5,15159.485,8
,2008,12,688,2674.7,24855.055,8
,2008,1,688,2239.2,15461.29,8
,2008,2,688,6955.5,69477.66,8
,2008,3,688,4723.3,46419,8
,2008,7,688,343,514.5,8
,2009,10,689,3048.4,24536.125,8
,2009,11,689,5334.8,45149.805,8
,2009,12,689,6119.1,55347.305,8
,2009,1,689,3990.1,39350.14,8
,2009,2,689,2979.1,29809.2,8
,2009,3,689,1174.6,11761.25,8
,2009,11,690,922.6,7702.59,8
,2009,12,690,906.3,8606.84,8
,2009,1,690,1044,10326.015,8
,2009,2,690,1008.4,9457.575,8
,2009,3,690,1952.1,19065.65,8
,2010,10,707,541.5,4358.975,8
,2010,11,707,582.9,5037.43,8
,2010,12,707,530,5227.95,8
,2010,1,707,177.4,1774,8
,2010,2,707,748.1,7388.75,8
,2010,3,707,132.4,1324,8
,2005,10,708,10808.25,87752.275,8
,2005,11,708,5413.6,45836.555,8
,2005,12,708,2774.6,24989.875,8
,2006,1,708,2231.5,21477.08,8
,2006,2,708,1937.9,19219,8
,2006,3,708,2631.2,24797,8
,2005,10,709,703.7,5629.6,8
,2005,11,709,1501.2,12443.53,8
,2005,12,709,1019.2,9312.58,8
,2006,1,709,1022,10073.68,8
,2006,2,709,182.4,1776,8
,2006,3,709,75.5,755,8
,2006,3,710,41.7,417,8
,2011,10,711,1436,13283,8
,2011,11,711,3026.9,28210.22,8
,2011,12,711,2272.8,22413.01,8
,2011,1,711,3187.1,31537.27,8
,2011,2,711,1442.7,14397,8
,2011,3,711,425.8,4138,8
,2005,10,713,1593,2230.2,8
,2005,11,713,2504,3505.6,8
,2011,10,720,4330.2,30120.75,8
,2011,11,720,2301.2,18708.6,8
,2011,12,720,3849.9,31837.6,8
,2011,1,720,2414.5,21171.25,8
,2011,2,720,767.37,6613.465,8
,2011,3,720,264.05,2277.2,8
,2012,10,737,3632.35,25617.7875,8
,2012,11,737,1227.3,9740.05,8
,2012,12,737,1373,10915.65,8
,2012,1,737,692.65,5966.1,8
,2012,2,737,156,1429.5,8
,2012,3,737,66,627,8
,2013,10,738,5383.25,38729.65,8
,2013,11,738,1562.35,11961.42,8
,2013,12,738,1891.65,14115.5625,8
,2013,1,738,1253.65,10745.1375,8
,2013,2,738,396.55,3451.2875,8
,2013,3,738,271.95,1910.8375,8
,2013,10,757,9188.31,72319.38,8
,2013,11,757,6052.08,50604.74,8
,2013,12,757,6585.46,57282.0125,8
,2013,1,757,1681.7,15277.1,8
,2013,2,757,1513.9,13870.4,8
,2013,3,757,1172.7,9858.35,8
,2013,9,757,36,342,8
,2005,10,761,120,1500,8
,2005,11,761,1240.3,10168.9,8
,2005,12,761,817,7626.25,8
,2006,1,761,886,8860,8
,2006,3,761,81,729,8
,2005,10,762,3671.94,27620.55,8
,2005,11,762,2588.1,20841.4,8
,2005,12,762,1975.3,17883.15,8
,2006,1,762,368.6,3486.1,8
,2006,3,762,375.2,3752,8
,2014,10,765,1430,10423,8
,2014,11,765,1243,9944,8
,2014,12,765,589.5,5321.75,8
,2014,1,765,222,2220,8
,2014,2,765,1166,11660,8
,2014,3,765,469,4690,8
,2005,10,807,2940.67,22344.465,8
,2005,11,807,1792.4,14482.95,8
,2005,12,807,703.36,6447.92,8
,2006,1,807,265.6,2600.1,8
,2006,2,807,219.3,2193,8
,2006,3,807,50,450,8
,2005,10,814,2045,15842.69,8
,2005,11,814,2170.1,17989.29,8
,2005,12,814,3788,35101.62,8
,2006,1,814,1426.7,14048,8
,2006,2,814,1961.2,19502,8
,2006,3,814,516,5160,8
,2015,10,821,19558.1,136508.725,8
,2015,11,821,4377.8,32370.925,8
,2015,12,821,2097.5,17436.625,8
,2015,1,821,1714.3,15134.425,8
,2015,2,821,1793.15,16613.575,8
,2015,3,821,1183.7,11151.3,8
,2015,10,842,10439.25,77084.8,8
,2015,11,842,1820.65,14081.745,8
,2015,12,842,1009.3,7899.9375,8
,2015,1,842,1035.55,9298.45,8
,2015,2,842,700.75,6377.25,8
,2015,3,842,251.85,2260.5,8
,2016,10,860,69120.27,495803.9,8
,2016,11,860,40371.74,301462.9925,8
,2016,12,860,19771.8,156339.575,8
,2016,1,860,9418.2,80249.975,8
,2016,2,860,5774.02,50657.34,8
,2016,3,860,2266.37,19397.28,8
,2017,10,877,68,510,8
,2017,11,877,349.65,2622.375,8
,2018,11,878,852,852,8
,2003,10,654,8255.9,75708.195,9
,2003,11,654,2044.4,19025.81,9
,2003,12,654,2118.1,20365.13,9
,2003,1,654,211.7,2162.3,9
,2003,2,654,388.8,3829.775,9
,2003,3,654,195.4,1858.5,9
,2004,10,657,2257.05,20832.305,9
,2004,11,657,998,9645.6,9
,2004,12,657,875.5,8656.94,9
,2004,1,657,888.1,9047.35,9
,2004,2,657,288.2,2999.35,9
,2004,3,657,220.3,2313.15,9
,2004,10,680,3436.6,31341.325,9
,2004,11,680,6341.2,60285.9058,9
,2004,12,680,4202.5,41638.85,9
,2004,1,680,1720.7,17688.25,9
,2004,2,680,2560.4,26705.85,9
,2004,3,680,1690.7,17325,9
,2005,10,681,2076.49,18770.685,9
,2005,11,681,1561.2,14490.96,9
,2005,12,681,1334.2,13782,9
,2005,1,681,880.6,9116.8,9
,2005,2,681,1371.95,14217.475,9
,2005,3,681,169,1690,9
,2006,10,684,3701.85,34092.045,9
,2006,11,684,1126.4,10645.2,9
,2006,12,684,1616.85,15892.96,9
,2006,1,684,223.6,2273.925,9
,2006,2,684,287.7,3005.225,9
,2006,3,684,465.7,4679.85,9
,2006,12,685,190,1812,9
,2006,1,685,453.8,4651.45,9
,2006,3,685,105.6,1108.8,9
,2007,10,687,1156.6,10834.72,9
,2007,11,687,1576.6,14699.61,9
,2007,12,687,2595.7,25373.14,9
,2007,1,687,2054.9,19859.625,9
,2007,2,687,876.8,9206.4,9
,2007,3,687,1546.4,16237.2,9
,2008,10,688,5769.8,54869.413,9
,2008,11,688,5455.2,51698.935,9
,2008,12,688,7165.2,71350.185,9
,2008,1,688,3900.1,40076.775,9
,2008,2,688,1135.3,11901.2,9
,2008,3,688,2588.9,26991.55,9
,2009,10,689,1340.8,12733.48,9
,2009,11,689,1668.5,15611.3,9
,2009,12,689,3194.3,30908.44,9
,2009,1,689,1856.8,18585.3,9
,2009,2,689,2069.05,21083.0375,9
,2009,3,689,4198.2,43139.7,9
,2009,10,690,686.98,6299.2,9
,2009,11,690,281.2,2528.47,9
,2009,12,690,458.1,4551.72,9
,2009,1,690,1052.4,10707.65,9
,2009,2,690,168.9,1773.45,9
,2009,3,690,1228.8,12902.4,9
,2010,11,707,523.1,4915.26,9
,2010,12,707,323.8,3238,9
,2010,3,707,83.4,875.7,9
,2006,10,708,10828,100379.5,9
,2006,11,708,7450.18,70337.243,9
,2006,12,708,4752.3,46064.93,9
,2007,1,708,1756.06,17956.855,9
,2007,2,708,2550.1,26456.3,9
,2007,3,708,1308.9,13072.1,9
,2006,10,709,757.05,6806.275,9
,2006,11,709,284.5,2731.2,9
,2006,12,709,501.1,5026.35,9
,2007,1,709,23.4,234,9
,2007,3,709,481.2,4881.45,9
,2006,10,710,1722.7,14298.65,9
,2006,11,710,1984.5,18429.06,9
,2006,12,710,660,6600,9
,2007,1,710,60,630,9
,2011,10,711,2092.3,20117.985,9
,2011,11,711,5771.28,54668.53,9
,2011,12,711,4012.1,39996.28,9
,2011,1,711,5363.4,54709.7,9
,2011,2,711,3205.7,34193.4,9
,2011,3,711,1471.5,15555.35,9
,2011,10,720,6341.94,56632.805,9
,2011,11,720,4971.86,44558.64,9
,2011,12,720,6279.43,56827.77,9
,2011,1,720,2391.4,21441.125,9
,2011,2,720,2572.5,23500.25,9
,2011,3,720,610,5660,9
,2012,10,737,5257.95,47850.2875,9
,2012,11,737,941.45,8485.525,9
,2012,12,737,2117.75,19795.675,9
,2012,1,737,587.7,5650,9
,2012,2,737,362,3710.75,9
,2012,3,737,67.9,712.95,9
,2013,10,738,12884.4,118131.9375,9
,2013,11,738,4681.15,42718.175,9
,2013,12,738,4609.35,44205.5875,9
,2013,1,738,911.98,9073.7875,9
,2013,2,738,1698.7,17470.45,9
,2013,3,738,1200.25,12168.8125,9
,2013,10,757,22881.2,214393.311,9
,2013,11,757,6934.82,66816.3,9
,2013,12,757,6645.13,66276.8,9
,2013,1,757,2140.29,21105.7395,9
,2013,2,757,1398.69,14263.675,9
,2013,3,757,715.1,6473.962,9
,2006,10,761,4539.7,41832.5975,9
,2006,11,761,1615.7,14902.64,9
,2006,12,761,1446.95,14131.83,9
,2007,1,761,586.4,5864,9
,2007,2,761,189,1890,9
,2007,3,761,358,3580,9
,2006,10,762,1757.45,15907.0275,9
,2006,11,762,228.6,1744.2,9
,2006,12,762,1096.65,10418.175,9
,2007,1,762,1069,10411.65,9
,2007,2,762,279,2790,9
,2007,3,762,100,1000,9
,2014,12,765,714,6783,9
,2014,1,765,125,1250,9
,2014,2,765,189,1890,9
,2014,3,765,509,5090,9
,2007,3,769,50,475,9
,2006,10,807,3663.1,34345.1,9
,2006,11,807,1546.5,11499.75,9
,2006,12,807,1523,14468.5,9
,2007,1,807,1112.7,10978.85,9
,2007,2,807,327.7,3391.35,9
,2006,10,814,2253.3,19965.79,9
,2006,11,814,1999.7,18786.45,9
,2006,12,814,6197.4,60973.2,9
,2007,1,814,4867.4,49693.25,9
,2007,2,814,1128.9,11512.975,9
,2007,3,814,437.9,4660.45,9
,2015,10,821,34194.67,301793.1275,9
,2015,11,821,4723.6,44622.65,9
,2015,12,821,1936.6,18294.625,9
,2015,1,821,774.05,7354.8875,9
,2015,2,821,870.55,8970.375,9
,2015,3,821,527,4806.125,9
,2016,10,842,12271.95,107177.175,9
,2016,11,842,2565.15,22086.3,9
,2016,12,842,950.1,8468.2125,9
,2016,1,842,613.55,5837.2125,9
,2016,2,842,790.15,7629.0375,9
,2016,3,842,587.55,5702.1375,9
,2016,10,860,117063.97,976957.4575,9
,2016,11,860,58020.91,512909.045,9
,2016,12,860,23474.55,214039.075,9
,2016,1,860,8109.45,73979.75,9
,2016,2,860,3856.1,37204.4225,9
,2016,3,860,3006.9,28738.7,9
,2017,10,877,1645,13160,9
,2017,11,877,603,5182.5,9
,2017,12,877,503.8,4657.1,9
,2017,1,877,152.6,1449.7,9
,2017,2,877,47,0,9
,2018,11,878,571.25,5466.7375,9
,2018,12,878,224.5,2188.875,9
,2003,10,654,7895.91,87175.31,10
,2003,11,654,2767.9,31709.4175,10
,2003,12,654,1224.23,14300.195,10
,2003,1,654,1323.2,15345.02,10
,2003,2,654,1266,15132.63,10
,2003,3,654,596.63,7109.4,10
,2004,10,657,784.2,8661.7,10
,2004,11,657,480,5388.125,10
,2004,12,657,552.3,6268.19,10
,2004,1,657,331.1,3830.18,10
,2004,2,657,371.25,4441.445,10
,2004,3,657,259.8,3097.595,10
,2004,10,680,5101.2,57391.675,10
,2004,11,680,2559.75,29096.825,10
,2004,12,680,1756.35,19916.0875,10
,2004,1,680,1495,16910.425,10
,2004,2,680,1573.6,18482.435,10
,2004,3,680,129.3,1495.8,10
,2005,10,681,2011.75,23053.275,10
,2005,11,681,1703.2,19670.8,10
,2005,12,681,598.6,6734.25,10
,2005,1,681,868.1,9766.125,10
,2005,2,681,1574,18683.95,10
,2005,3,681,457.2,5056.55,10
,2006,10,684,6050.9,66580.035,10
,2006,11,684,2601.8,29189.4,10
,2006,12,684,2095.3,22988.86,10
,2006,1,684,2099.2,24060.49,10
,2006,2,684,1590,18762,10
,2006,3,684,935.1,11034.18,10
,2006,10,685,836.9,9309.88,10
,2006,11,685,1048,11794.3,10
,2006,12,685,2753.8,30761.99,10
,2006,1,685,1340,15418,10
,2006,2,685,1018.5,11455.6325,10
,2007,3,685,1438,16988.225,10
,2007,10,687,737.4,8089.4,10
,2007,11,687,1118.3,12524.96,10
,2007,12,687,337.2,3800.81,10
,2007,1,687,319.8,3694.24,10
,2007,2,687,1048.4,12405.38,10
,2007,3,687,1000.65,11495.74,10
,2008,10,688,1884,21194.845,10
,2008,11,688,1899.8,20514.45,10
,2008,12,688,4185.8,27930.98,10
,2008,1,688,3152.4,36031.72,10
,2008,2,688,4577.35,54278.7475,10
,2008,3,688,2171.6,25315.94,10
,2009,10,689,656.05,7217.05,10
,2009,11,689,2552.9,27347.685,10
,2009,12,689,1289.06,14410.69,10
,2009,1,689,2588.1,29286.23,10
,2009,2,689,2273.95,26233.46,10
,2009,3,689,2334,26573.38,10
,2009,10,690,861.6,9484.12,10
,2009,11,690,713.1,8024.988,10
,2009,12,690,196.5,2259.75,10
,2009,1,690,394.5,4493.63,10
,2009,2,690,530.55,6304.365,10
,2009,3,690,70,840,10
,2010,10,707,153.1,1684.1,10
,2010,11,707,433.3,4891.03,10
,2010,12,707,421.25,4633.75,10
,2010,1,707,158.9,1795.57,10
,2007,10,708,11529.45,127887.7475,10
,2007,11,708,7119.46,77296.04,10
,2007,12,708,3555.7,39629.935,10
,2008,1,708,2726.85,29893.3725,10
,2008,2,708,1513.2,17314.2,10
,2008,3,708,1563.8,17875.17,10
,2007,10,709,1519,16559.06,10
,2007,11,709,1171.1,12965.12,10
,2008,1,709,634.9,7314.82,10
,2008,2,709,1773.7,20938.94,10
,2008,3,709,342.8,3917.05,10
,2007,11,710,707.45,7762.68,10
,2007,12,710,291,3288.3,10
,2008,1,710,852.4,9632.12,10
,2008,2,710,344.6,4066.28,10
,2011,10,711,2966.1,33163.97,10
,2011,11,711,2816.6,31839.77,10
,2011,12,711,1861.3,21391.85,10
,2011,1,711,3537.7,41052.58,10
,2011,2,711,2193.9,26289.93,10
,2011,3,711,572.8,6826.92,10
,2011,10,720,5754.35,57552,10
,2011,11,720,3387.55,34435.6625,10
,2011,12,720,3645.7,37261.2,10
,2011,1,720,3317.03,34754.435,10
,2011,2,720,1159.5,12225.625,10
,2011,3,720,433,4676.5,10
,2012,10,737,6363.6,64821.98,10
,2012,11,737,2158.65,23512.05,10
,2012,12,737,2276.6,23874.025,10
,2012,1,737,303.4,3233.725,10
,2012,2,737,375.9,4510.8,10
,2012,3,737,121.8,1431.15,10
,2013,10,738,10951.95,107310.145,10
,2013,11,738,4439.55,47282.5875,10
,2013,12,738,2918.17,31360.7975,10
,2013,1,738,2287.46,25260.385,10
,2013,2,738,1050.34,11914.365,10
,2013,3,738,525.6,5734.5,10
,2013,10,757,13369.1,145305.8518,10
,2013,11,757,2887.2,31180.989,10
,2013,12,757,4134.63,46463.379,10
,2013,1,757,2709.35,31752.9875,10
,2013,2,757,537.75,6257.425,10
,2013,3,757,1032.8,5305.725,10
,2007,10,761,2296.6,24477.4,10
,2007,11,761,671,6789.5,10
,2007,12,761,114.5,1259.5,10
,2008,1,761,298.9,3213.175,10
,2008,2,761,252.3,2712.225,10
,2007,10,762,3527.7,37343.7,10
,2007,11,762,3246.8,36160.46,10
,2007,12,762,1143.9,12747.24,10
,2008,1,762,163,1874.5,10
,2008,2,762,361,4151.5,10
,2008,3,762,440.2,5062.3,10
,2014,12,765,511,5621,10
,2014,2,765,481,5531.5,10
,2007,10,807,2959,29282,10
,2007,11,807,3129.4,34530.66,10
,2007,12,807,93,1023,10
,2008,1,807,1279.15,14625.3875,10
,2008,2,807,1,0,10
,2008,3,807,201.85,2158.2,10
,2007,10,814,1121.6,12240.41,10
,2007,11,814,2667.1,30193.79,10
,2007,12,814,3605.1,40718.7,10
,2008,1,814,4490.27,50455.045,10
,2008,2,814,2294.57,27212.84,10
,2008,3,814,1742.97,20720.29,10
,2015,10,821,11549.82,112841.495,10
,2015,11,821,1163.9,12865.9,10
,2015,12,821,506.7,5587.1,10
,2015,1,821,364.24,4015.2325,10
,2015,2,821,445.25,5343,10
,2015,3,821,178.1,2083.65,10
,2016,10,842,4050.65,41247.5625,10
,2016,11,842,953.25,9497.75,10
,2016,12,842,1089.95,10362.45,10
,2016,1,842,419.85,4647.5625,10
,2016,2,842,387.9,4411.8,10
,2016,3,842,35,250,10
,2016,10,860,86570.16,868431.6075,10
,2016,11,860,30995.7,327517.0375,10
,2016,12,860,15504.01,164125.51,10
,2016,1,860,9537.55,105843.1725,10
,2016,2,860,7603.37,88017.625,10
,2016,3,860,1921.4,21481.2,10
,2017,10,877,71,656.75,10
,2017,11,877,482.15,5123.575,10
,2018,11,878,153.75,1691.25,10
,2018,3,878,83.95,1007.4,10
,2003,10,654,8910.43,98769.33,11
,2003,11,654,2231.17,22444.2683,11
,2003,12,654,1169.6,11104.8,11
,2003,1,654,252.8,2858.37,11
,2003,2,654,143.1,1788.8,11
,2003,3,654,97.06,741.585,11
,2004,10,657,1220.1,12956.705,11
,2004,11,657,405.8,4108.85,11
,2004,12,657,394.8,3876,11
,2004,2,657,71.4,856.8,11
,2004,3,657,38,418,11
,2004,10,680,8989.92,97248.6425,11
,2004,11,680,4114.55,42893.35,11
,2004,12,680,4494.5,48031.875,11
,2004,1,680,1681.05,18693.8,11
,2004,2,680,3200.1,38636.275,11
,2004,3,680,1339.7,13605.55,11
,2005,10,681,333.5,3664.75,11
,2005,11,681,2077.05,21549.4,11
,2005,12,681,373.8,4164.4,11
,2006,10,684,6697.8,72347.13,11
,2006,11,684,2396.9,23771.445,11
,2006,12,684,2011.3,20445.658,11
,2006,1,684,1084.4,12208.34,11
,2006,2,684,1082.8,12751.12,11
,2006,3,684,447.4,4295.04,11
,2007,10,685,2634.6,26086.75,11
,2007,11,685,2872.6,29106.65,11
,2007,12,685,1779.1,18108.395,11
,2007,1,685,319.8,3578.655,11
,2007,2,685,847.4,11031.85,11
,2007,3,685,1742.6,14724.505,11
,2007,10,687,405.7,4462.7,11
,2007,11,687,34.6,342.925,11
,2007,12,687,2536.5,26842.39,11
,2007,1,687,1730.15,19005.09,11
,2007,2,687,745.55,9593.2125,11
,2007,3,687,860.25,8224.6825,11
,2008,10,688,4545.9,48858.1,11
,2008,11,688,3675.5,37961,11
,2008,12,688,4989.3,51166.2425,11
,2008,1,688,4025.6,45610.98,11
,2008,2,688,3229.1,37715.41,11
,2008,3,688,3385.2,33398.99,11
,2009,11,689,625.1,6327.825,11
,2009,12,689,523.3,5316.225,11
,2009,1,689,1772.6,20419.85,11
,2009,2,689,2706.6,32675.755,11
,2009,3,689,1508.25,14678.725,11
,2009,10,690,657.6,7176.2,11
,2009,11,690,503,4795.3,11
,2009,12,690,215,2203.125,11
,2009,1,690,452.95,4859.7625,11
,2009,2,690,153,1887,11
,2010,11,707,407.2,4082.5,11
,2010,12,707,212.2,2226.39,11
,2008,10,708,8935.9,98567.595,11
,2008,11,708,3287.2,31515.51,11
,2008,12,708,504.5,5502.46,11
,2009,1,708,1406.6,15902.89,11
,2009,2,708,1930.55,22485.76,11
,2009,3,708,544.6,4936.675,11
,2008,10,709,1944.55,21602.8375,11
,2008,11,709,855.05,8743.05,11
,2008,12,709,979.2,10129.35,11
,2009,3,709,114.8,1148,11
,2008,10,710,1908.1,19364.365,11
,2008,11,710,1128.2,11385.2,11
,2008,12,710,1276.6,11619.58,11
,2009,2,710,365.8,4439.975,11
,2011,10,711,3412.8,36888.975,11
,2011,11,711,3826.1,38960.225,11
,2011,12,711,4371.02,45022.49,11
,2011,1,711,4173.9,47646.815,11
,2011,2,711,3182.2,38414.565,11
,2011,3,711,1198.5,11287.92,11
,2011,10,720,6441.51,72078.505,11
,2011,11,720,5765.25,59681.575,11
,2011,12,720,5015.1,54413.4,11
,2011,1,720,3810.16,44297.41,11
,2011,2,720,1689,19691.7,11
,2011,3,720,235.9,2485.45,11
,2012,10,737,6611.77,71526.69,11
,2012,11,737,2109.22,21472.915,11
,2012,12,737,1006.96,10093.6875,11
,2012,1,737,496.5,6267.15,11
,2012,2,737,854.6,10710.95,11
,2012,3,737,229.95,2529.45,11
,2013,10,738,14737.43,164716.805,11
,2013,11,738,3439.9,35651.325,11
,2013,12,738,2144.89,21961.415,11
,2013,1,738,1021.01,10916.9,11
,2013,2,738,2397.8,28308.3,11
,2013,3,738,331.5,3480.75,11
,2013,10,757,18166.2,204984.6077,11
,2014,11,757,9142.3,96201.581,11
,2014,12,757,6409.66,70720.191,11
,2014,1,757,714.4,6927.452,11
,2014,2,757,845.55,10551.575,11
,2014,3,757,674.4,7197.8,11
,2008,10,761,149.4,1494,11
,2008,10,762,395.9,4354.9,11
,2008,11,762,80,800,11
,2008,12,762,367.39,3807.445,11
,2014,10,765,4865.04,52566.22,11
,2014,11,765,3323.6,31171.775,11
,2014,12,765,3551.22,33011.25,11
,2014,1,765,1352.3,13243.49,11
,2014,2,765,1089.7,13203.52,11
,2014,3,765,395,3792,11
,2009,1,768,230.6,2075.4,11
,2009,3,768,153.1,1469.76,11
,2008,10,807,6131.5,66768.1675,11
,2008,11,807,383.73,3867.285,11
,2008,12,807,843.5,7988.75,11
,2009,1,807,469.4,4858.125,11
,2009,2,807,199.5,2346.5,11
,2008,10,814,99,1212.75,11
,2008,11,814,3605.8,37500.185,11
,2008,12,814,6167,63415.355,11
,2009,1,814,6193.3,71794.875,11
,2009,2,814,2912.3,35514.8,11
,2009,3,814,986,9700,11
,2015,10,821,26194.94,286794.255,11
,2015,11,821,3752.5,37578.7,11
,2015,12,821,2584.9,26104.4,11
,2015,1,821,1395.9,14411.725,11
,2015,2,821,490.9,5697.875,11
,2015,3,821,176.6,1810.15,11
,2016,10,842,5924.26,65202.5925,11
,2016,11,842,2588.01,27417.67,11
,2016,12,842,1748.38,19278.96,11
,2016,1,842,794.8,8455.475,11
,2016,2,842,875.8,9542.55,11
,2016,3,842,481.4,4905,11
,2016,10,860,73681.01,783350.1355,11
,2016,11,860,29547.85,302396.61,11
,2016,12,860,17488.96,185613.39,11
,2016,1,860,9066.07,96952.94,11
,2016,2,860,5721.26,65957.825,11
,2016,3,860,1998.01,21036.22,11
,2017,10,877,233.4,2479.775,11
,2017,11,877,320.6,3050.55,11
,2017,1,877,124.6,1370.6,11
,2017,2,877,133.2,1367.85,11
,2017,3,877,15,0,11
,2018,10,878,1265.3,13175.6375,11
,2018,11,878,576.2,5781.775,11
,2018,12,878,408.2,4462.4375,11
,2018,1,878,576.66,6493.5125,11
,2018,2,878,355.7,4351.4,11
,2018,3,878,292.48,3071.04,11
,2003,10,654,9532.07,103354.9765,12
,2003,11,654,1971.2,21461.8,12
,2003,12,654,571.3,7335.425,12
,2003,1,654,451.8,6414.8,12
,2003,2,654,326.5,4847.025,12
,2003,3,654,156.04,2303.3,12
,2004,10,657,1414.4,14939.95,12
,2004,11,657,571.7,6625.45,12
,2004,12,657,166.1,2092.86,12
,2004,10,680,9939.56,107786.05,12
,2004,11,680,7037.85,82335.375,12
,2004,12,680,5133.4,66815.8,12
,2004,1,680,5341.9,78853.875,12
,2004,2,680,2900.1,43975.98,12
,2004,3,680,2199,32714.82,12
,2005,10,681,1097.6,11941.375,12
,2005,11,681,1510.1,17215.125,12
,2005,12,681,855,11585.25,12
,2005,1,681,535.1,7571.35,12
,2005,2,681,591.4,8871,12
,2006,10,684,4490.3,47804,12
,2006,11,684,1879.6,21278.92,12
,2006,12,684,1864.15,23592.3675,12
,2006,1,684,1737,24429.275,12
,2006,2,684,692,10227.575,12
,2006,3,684,504,7560,12
,2007,10,685,5012.9,51318.225,12
,2007,11,685,3196.2,36801.6,12
,2007,12,685,3302.84,41438.7405,12
,2007,1,685,5265.2,74596.575,12
,2007,2,685,1215.1,18008.095,12
,2007,3,685,607.7,8890.5,12
,2007,10,687,526.1,5308.625,12
,2007,11,687,2186.8,25538.1,12
,2007,12,687,2138.7,26645.225,12
,2007,1,687,3712.3,53430.825,12
,2007,2,687,1761.8,26298.75,12
,2007,3,687,970.4,13927.5,12
,2008,10,688,2387.5,26188.95,12
,2008,11,688,2374.8,27488.025,12
,2008,12,688,3643.6,46571.41,12
,2008,1,688,3179.4,46280.375,12
,2008,2,688,4241.7,62995.425,12
,2008,3,688,2748.1,40171.5,12
,2009,11,689,1350.3,15260.9,12
,2009,12,689,3221.2,40667.7,12
,2009,1,689,4993.94,69658.375,12
,2009,2,689,2250.6,33526.5,12
,2009,3,689,1063,15684,12
,2009,10,690,867,10404,12
,2009,11,690,750,1125,12
,2009,12,690,23.6,283.2,12
,2009,1,690,36.4,436.8,12
,2010,10,707,404.3,4245.15,12
,2010,11,707,441.6,5297,12
,2010,12,707,491.6,6418.975,12
,2010,1,707,239.1,3586.5,12
,2010,2,707,404.2,6063,12
,2010,3,707,63.5,952.5,12
,2009,10,708,6341.05,68760.175,12
,2009,11,708,3219.3,37171.4,12
,2009,12,708,1912,23539.9,12
,2010,1,708,4808.9,67797.475,12
,2010,2,708,547.5,8072.5,12
,2010,3,708,395.75,5633.25,12
,2009,10,709,784.2,8506.9,12
,2009,12,709,227.7,2903.175,12
,2010,2,709,712.2,10529.225,12
,2010,3,709,28,240,12
,2009,10,710,722,7908.75,12
,2009,11,710,1782.8,19999.225,12
,2009,12,710,1007.9,12758.035,12
,2010,1,710,1078.6,14692.45,12
,2010,2,710,209,3121.95,12
,2011,10,711,5353.7,58064.004,12
,2011,11,711,4490.7,50211.275,12
,2011,12,711,4081.6,52548,12
,2011,1,711,5466,78203.05,12
,2011,2,711,2517.55,37429.725,12
,2011,3,711,885.15,12561.75,12
,2011,10,720,8083.9,84576.2,12
,2011,11,720,6392.3,70384.275,12
,2011,12,720,4652.9,57526.425,12
,2011,1,720,4204.8,58018.425,12
,2011,2,720,2943.8,42839.25,12
,2011,3,720,190.7,2635.3,12
,2012,10,737,5719.05,61453.7025,12
,2012,11,737,2009.2,24327.91,12
,2012,12,737,1940.81,16876.34,12
,2012,1,737,1188.05,17561.92,12
,2012,2,737,299.5,4516.05,12
,2012,3,737,125,1906.25,12
,2013,10,738,9141.59,96262.4,12
,2013,11,738,3456.75,40074.22,12
,2013,12,738,1631.25,20483.5025,12
,2013,1,738,2822.75,39819.65,12
,2013,2,738,921.7,13605.5,12
,2013,3,738,287.8,4029.2,12
,2014,10,757,17105.86,190175.76,12
,2014,11,757,4888.41,59279.015,12
,2014,12,757,2604.5,33167.66,12
,2014,1,757,1549.68,21852.275,12
,2014,2,757,398.9,5670.5,12
,2014,3,757,102.9,1390.2,12
,2009,12,761,115,1495,12
,2010,1,761,87.3,1244.025,12
,2010,2,761,49.5,643.5,12
,2010,3,761,228.9,2998.2,12
,2009,10,762,2966.4,30534.99,12
,2009,11,762,606.8,6512.07,12
,2009,12,762,471,5907.375,12
,2010,1,762,606.7,7887.1,12
,2014,10,765,2024.3,21388.675,12
,2014,11,765,1274.1,14322.95,12
,2014,12,765,1879.3,23713.21,12
,2014,1,765,1862.8,25407.175,12
,2014,2,765,1305,18922,12
,2014,3,765,555.1,7952,12
,2009,10,807,2922.2,30114.19,12
,2009,11,807,1548.7,17427.7,12
,2009,12,807,1075.4,13237.2,12
,2010,1,807,1096,14512.85,12
,2010,2,807,1131.3,16529.275,12
,2010,3,807,831.7,11651.675,12
,2009,10,814,2372,25500.75,12
,2009,11,814,3667.9,44552.3,12
,2009,12,814,3315.5,42979.875,12
,2010,1,814,8644.8,122404.075,12
,2010,2,814,3815.6,57359.9,12
,2010,3,814,1188.6,17824.4,12
,2015,10,821,14888.06,148226.1025,12
,2015,11,821,5611,66117.99,12
,2015,12,821,6015.05,70351.4,12
,2015,1,821,2106.75,27886.2125,12
,2015,2,821,1263.2,19160.075,12
,2015,3,821,901.95,13131.95,12
,2016,10,842,5554.55,56429.9,12
,2016,11,842,1212.5,13223.05,12
,2016,12,842,578.5,6739.91,12
,2016,1,842,387,4694,12
,2016,2,842,269.8,3776,12
,2016,3,842,117.7,1646.45,12
,2016,10,860,66215.16,675360.888,12
,2016,11,860,28676.78,327799.849,12
,2016,12,860,15171.62,177741.4725,12
,2016,1,860,9231.81,117572.155,12
,2016,2,860,4354.31,63360.4625,12
,2016,3,860,1864.54,25471.34,12
,2017,10,877,787,8391.15,12
,2017,11,877,836.6,10063.425,12
,2017,12,877,1256.4,15263.725,12
,2017,1,877,660.3,8604.975,12
,2017,2,877,796.45,12073.75,12
,2017,3,877,136.7,2023.6,12
,2018,11,878,248.4,3052.2,12
,2018,12,878,645.3,8058.51,12
,2018,1,878,908.55,12722.3,12
,2018,2,878,1123.25,17061.525,12
,2018,3,878,264.1,3729.4,12
,2003,10,654,6513.5,109086.79,13
,2003,11,654,4058.1,67266.025,13
,2003,12,654,1989.36,33019.425,13
,2003,1,654,1540.3,25948.405,13
,2003,2,654,637.8,11157.6,13
,2003,3,654,431.3,7620.4,13
,2004,10,657,616.6,10019.65,13
,2004,11,657,355.9,5813.6,13
,2005,10,680,8927.55,150817.635,13
,2005,11,680,6097.8,102351.82,13
,2005,12,680,4906.26,83010.46,13
,2005,1,680,2259.5,38603.425,13
,2005,2,680,1930.8,34141.2875,13
,2005,3,680,1124.45,19871.6,13
,2005,10,681,1066.6,17860.65,13
,2005,12,681,346.5,5803.875,13
,2005,1,681,925.8,16237.97,13
,2005,2,681,565,10113.5,13
,2005,3,681,171.4,3068.06,13
,2006,10,684,4064.6,60175.375,13
,2006,11,684,1822.9,29941.80886,13
,2006,12,684,988.9,16199.95,13
,2006,1,684,1603.6,27449.01,13
,2006,2,684,724,12828.48,13
,2006,3,684,601.4,10698.82,13
,2007,10,685,2025.2,32979.275,13
,2007,12,685,271,4074,13
,2007,1,685,814.4,13914.66,13
,2007,2,685,1299.8,22961.93,13
,2007,3,685,1081.1,18896.18,13
,2007,10,687,632.2,10279.05,13
,2007,11,687,419.6,6923.4,13
,2007,12,687,347.2,5855.45,13
,2007,1,687,856,14731.36,13
,2007,2,687,600.4,10747.16,13
,2007,3,687,568.7,10227.2,13
,2008,10,688,5667.8,91892.225,13
,2008,11,688,3195.7,48271.175,13
,2008,12,688,2209.1,37564.875,13
,2008,1,688,1984.5,34660.68,13
,2008,2,688,1619.3,29147.4,13
,2008,3,688,1436.2,25949.74,13
,2009,10,689,1952.5,32523.05,13
,2009,11,689,2523.5,42710.65,13
,2009,12,689,3767.7,63575.675,13
,2009,1,689,5548.1,93221.86,13
,2009,2,689,5835.5,103519.27,13
,2009,3,689,6235.9,94505.23,13
,2009,11,690,1174.8,20559,13
,2009,12,690,1816.6,31102.8,13
,2009,1,690,3131.2,54357.8,13
,2009,2,690,3397.9,59578.31,13
,2009,3,690,553,9930.9,13
,2010,10,707,565,9635.125,13
,2010,11,707,918.1,15414.85,13
,2010,12,707,266.8,4512.025,13
,2010,1,707,320.5,5546.28,13
,2010,2,707,250.2,4478.58,13
,2010,10,708,11582.75,195746.05,13
,2010,11,708,10520.9,176143.3,13
,2010,12,708,5085.3,85571.8,13
,2011,1,708,2381.9,41398.62,13
,2011,2,708,981,17201.75,13
,2011,3,708,792.5,13549.575,13
,2010,12,709,126.3,2045.175,13
,2010,10,710,835.1,14031.2,13
,2010,11,710,1052.3,17594.85,13
,2010,12,710,3325.3,56502.4,13
,2011,1,710,1063.5,18382.505,13
,2011,2,710,1165,21004.8,13
,2011,3,710,117,2079,13
,2011,10,711,6357,106001.375,13
,2011,11,711,4200.3,69954.65,13
,2011,12,711,1972.1,33036.3,13
,2011,1,711,2747.4,47936.825,13
,2011,2,711,2134.4,38288.75,13
,2011,3,711,898.5,16009.5,13
,2011,10,720,8133.2,137126.575,13
,2011,11,720,2715.75,44464.1,13
,2011,12,720,4222.1,70301.425,13
,2012,1,720,1984.7,33558.8,13
,2012,2,720,853.5,14462,13
,2012,3,720,279.9,4726.3,13
,2012,10,737,4447.3,76527.725,13
,2012,11,737,1942,33567.825,13
,2012,12,737,3502.2,59064.125,13
,2012,1,737,1239.3,20515.5,13
,2012,2,737,628.4,11179.275,13
,2012,3,737,157.2,2665.8,13
,2013,10,738,7990.65,135408.375,13
,2013,11,738,2801,46539.3,13
,2013,12,738,4162.8,68300.775,13
,2013,1,738,1583.9,26722.475,13
,2013,2,738,591.1,10087.45,13
,2013,3,738,144.4,2454.8,13
,2014,10,757,9041.45,151741.3625,13
,2014,11,757,4014.05,68092.99,13
,2014,12,757,3500.23,59859.43,13
,2014,1,757,1333.95,22726.7625,13
,2014,2,757,178.6,2908.75,13
,2014,3,757,135.3,1770.5,13
,2010,10,761,1034.6,16841,13
,2010,11,761,1194.7,18894.7,13
,2010,12,761,1003.45,15922.25,13
,2011,1,761,77.25,1249.5,13
,2011,2,761,264.9,4503.3,13
,2011,3,761,76.5,1300.5,13
,2010,10,762,3473.5,57842.15,13
,2010,11,762,709.7,11624.6,13
,2010,12,762,1416,23637,13
,2011,1,762,316.7,5542.25,13
,2011,2,762,206,3708,13
,2014,10,765,2110.6,34732.8,13
,2014,11,765,1366.85,22423.9,13
,2014,12,765,775.7,13113.2,13
,2014,1,765,814.7,14027.8,13
,2014,2,765,657.3,11561.625,13
,2014,3,765,406.8,7220.7,13
,2010,10,807,2510.71,37805.665,13
,2010,11,807,1166.3,18643.6,13
,2010,12,807,545.95,8770.675,13
,2011,1,807,366.6,6090.55,13
,2011,2,807,594.7,10109.9,13
,2011,3,807,216.9,3687.3,13
,2010,10,814,1801.4,29525.675,13
,2010,11,814,1055.1,17181.65,13
,2010,12,814,2037.5,34401.375,13
,2011,1,814,4999.7,84893.86,13
,2011,2,814,2761.3,49291.2,13
,2011,3,814,1188.8,20339.95,13
,2010,10,815,270,4320,13
,2015,10,821,16748.31,280177.1625,13
,2015,11,821,6648.39,110331.0945,13
,2015,12,821,3098.48,50706.705,13
,2015,1,821,2986.06,48643.11,13
,2015,2,821,1372.15,23579.725,13
,2015,3,821,883.6,15341.45,13
,2016,10,842,7277.25,118635.025,13
,2016,11,842,2702.23,43370.621,13
,2016,12,842,2885.57,47118.513,13
,2016,1,842,1899.86,29224.01,13
,2016,2,842,1774.4,29577.775,13
,2016,3,842,824.8,13457.1,13
,2016,10,860,59276.46,967426.9585,13
,2016,11,860,31669.9,516952.545,13
,2016,12,860,21013.9,335593.279,13
,2016,1,860,15685.72,250309.85,13
,2017,2,860,6469.01,104954.2175,13
,2017,3,860,2116.1,34182.35,13
,2017,10,877,4218.4,69354.35,13
,2017,11,877,1062.14,17436.48,13
,2017,12,877,416.02,6656.32,13
,2017,1,877,506.84,8032.64,13
,2017,2,877,259.95,4233.7,13
,2018,10,878,84.5,1352,13
,2018,11,878,430.7,7129.288,13
,2018,12,878,284.92,4558.72,13
,2018,1,878,642.21,10390.26,13
,2018,2,878,444.6,7221.975,13
,2018,3,878,124.65,1733.6,13
,2003,10,654,11586.85,201094.125,14
,2003,11,654,5722.4,100054.475,14
,2003,12,654,1913.6,32610.325,14
,2003,1,654,568.6,9943.625,14
,2003,2,654,95.2,1679.6,14
,2003,3,654,60,1050,14
,2004,10,657,43.8,799.35,14
,2004,12,657,25.9,472.675,14
,2004,2,657,27.38,492.84,14
,2005,10,680,6920,121295.0625,14
,2005,11,680,7527.05,134982.7125,14
,2005,12,680,4000.8,73122.775,14
,2005,1,680,3542,63497.032,14
,2005,2,680,2220.9,40817.05,14
,2005,3,680,634.1,11011.35,14
,2005,10,681,676.1,12023.1,14
,2005,11,681,1284,23491.675,14
,2005,12,681,1150.7,21483.05,14
,2005,1,681,1207.8,22374.2,14
,2005,2,681,150.4,2826.075,14
,2005,3,681,75,1425,14
,2006,10,684,1868,32391.25,14
,2006,11,684,3727,66069.925,14
,2006,12,684,2323.1,42298.975,14
,2006,1,684,1116.8,19970.345,14
,2006,2,684,676.9,12410.665,14
,2006,3,684,228.8,4232.8,14
,2007,10,685,259.7,4441.45,14
,2007,11,685,596,10972.525,14
,2007,1,685,2280.6,40738.875,14
,2007,2,685,711.6,13157.425,14
,2007,3,685,920.83,16489.605,14
,2007,10,687,960,16548.975,14
,2007,11,687,219.6,3788.1,14
,2007,12,687,1456.5,26294.69,14
,2007,1,687,1657.4,30251.225,14
,2007,2,687,934.9,17351.25,14
,2007,3,687,731.2,13242.8,14
,2008,10,688,4410.3,43428.25,14
,2008,11,688,4594.7,79672.475,14
,2008,12,688,4489,70447.7,14
,2008,1,688,1550.6,27902.6,14
,2008,2,688,1624.3,29886.675,14
,2008,3,688,816.6,14440.475,14
,2009,10,689,5201.3,90195.025,14
,2009,11,689,2569.9,45191.85,14
,2009,12,689,3104.7,56266.225,14
,2009,1,689,3368.5,60823.675,14
,2009,2,689,2299.4,42775.025,14
,2009,3,689,4300,77136.85,14
,2009,10,690,103.8,2021.55,14
,2010,11,690,60,1080,14
,2010,12,690,696.5,12619.375,14
,2010,1,690,2845.5,52164.875,14
,2010,2,690,1975.6,37176.8,14
,2010,3,690,1152.2,21745.8,14
,2010,10,707,257.8,4443.3,14
,2010,11,707,762.8,14033.225,14
,2010,12,707,295,5395.875,14
,2010,1,707,740.9,13572.15,14
,2010,2,707,70.1,1314.375,14
,2010,3,707,78.7,1495.3,14
,2011,10,708,5925.3,103060.025,14
,2011,11,708,5661.7,100197.45,14
,2011,12,708,2931.6,52346.175,14
,2012,1,708,2696.8,48925.54,14
,2012,2,708,1486.2,27552.955,14
,2012,3,708,1929.3,33586.35,14
,2011,10,709,1084.3,18680.02,14
,2011,11,709,635.3,11629.25,14
,2011,12,709,1340.3,24380.2,14
,2012,1,709,1286,23069.125,14
,2012,2,709,1054,19380.675,14
,2012,3,709,250.2,4628.7,14
,2011,10,710,1049.9,17962.475,14
,2011,11,710,1691.9,29807.4,14
,2011,12,710,1339,24500.35,14
,2012,2,710,84.1,1597.9,14
,2011,10,711,2927.2,50603.35,14
,2011,11,711,4773.3,84440.175,14
,2011,12,711,3295.8,59154.725,14
,2011,1,711,2840.2,48664.125,14
,2011,2,711,2029.8,37429.05,14
,2011,3,711,1377.1,25141.2,14
,2012,10,720,4227.3,75579.65,14
,2012,11,720,4873.9,88092.125,14
,2012,12,720,3358.4,60504.225,14
,2012,1,720,3085.6,53717.8,14
,2012,2,720,880.7,15281.5,14
,2012,3,720,285,4936.8,14
,2012,10,737,7401,131101.925,14
,2012,11,737,4822.2,86088.9,14
,2012,12,737,3495.4,59815.075,14
,2012,1,737,83.3,1499.4,14
,2013,10,738,6186.7,103426.925,14
,2013,11,738,3927.1,69876.45,14
,2013,12,738,1431.6,25688.325,14
,2013,1,738,2959.2,52075.1,14
,2013,2,738,1291.4,23100.075,14
,2013,3,738,676.8,12266.9,14
,2014,10,757,4277.5,75938.425,14
,2014,11,757,7139.48,127910.55,14
,2014,12,757,3314.3,61210.098,14
,2014,1,757,2740.4,49231.944,14
,2014,2,757,1223.9,22461.025,14
,2014,3,757,281.7,5053.444,14
,2011,10,761,958.4,16869,14
,2011,11,761,1505.5,27405.6,14
,2011,12,761,1185,21492.875,14
,2012,2,761,14,252,14
,2011,10,762,2470.53,43042.05,14
,2011,11,762,2846.7,50551.1,14
,2011,12,762,558.4,10125.2,14
,2012,1,762,920.5,16481.775,14
,2012,2,762,889,15894.05,14
,2012,3,762,211,3891.5,14
,2014,10,765,1926.3,33393.275,14
,2014,11,765,608.4,10613.55,14
,2014,12,765,627,11691.75,14
,2014,1,765,613.8,10873.35,14
,2014,2,765,252.6,4736.25,14
,2014,3,765,384.5,7209.375,14
,2011,11,769,10.2,181.05,14
,2011,10,807,251.7,4529.6,14
,2011,11,807,2986.3,52071.525,14
,2011,12,807,542.52,9640.36,14
,2012,1,807,746.6,13268,14
,2012,2,807,392.4,6906.5,14
,2012,3,807,529.25,9523.475,14
,2011,10,814,573,9342.5,14
,2011,11,814,3280,58150.25,14
,2011,12,814,4451.3,80901.125,14
,2012,1,814,4127.5,75445.75,14
,2012,2,814,1040.5,19471.875,14
,2012,3,814,403,7119,14
,2015,10,821,20684.6,354572.115,14
,2015,11,821,5014.73,87806.9975,14
,2015,12,821,5134.85,86917.4,14
,2015,1,821,871.55,15683.875,14
,2015,2,821,285.1,5233.575,14
,2015,3,821,129.2,2357.9,14
,2016,10,842,8947.79,152235.71,14
,2016,11,842,4198.96,73425.695,14
,2016,12,842,2313.4,40920.225,14
,2016,1,842,2391.1,42488.75,14
,2016,2,842,605.9,9887.125,14
,2016,3,842,601.4,10699.45,14
,2017,10,860,59702.38,1020736.793,14
,2017,11,860,33644.41,574269.85,14
,2017,12,860,22723.72,391655.0925,14
,2017,1,860,11718.75,202545.21,14
,2017,2,860,5585.31,101927.83,14
,2017,3,860,3346.91,59834.27,14
,2017,10,877,3247.39,55586.085,14
,2017,11,877,650.53,11037.605,14
,2017,12,877,1022.54,17774.2,14
,2017,1,877,269.5,4638.21,14
,2017,2,877,343.1,6221.975,14
,2017,3,877,29.4,536.55,14
,2018,10,878,99.7,1694.9,14
,2018,1,878,412,7129.9,14
,2018,2,878,72,1224,14
,2003,10,654,5937.55,76182.55,15
,2003,11,654,2269.73,32295.835,15
,2003,12,654,1042.83,19792.3,15
,2003,1,654,699.5,15448.825,15
,2003,2,654,197.2,4268.05,15
,2003,3,654,355.52,8103.66,15
,2004,10,657,776.3,9836.775,15
,2004,11,657,476.3,7612.345,15
,2004,12,657,66.2,1390.2,15
,2004,1,657,15,339.8,15
,2004,2,657,22.6,531.1,15
,2005,10,680,9631.2,125255.45,15
,2005,11,680,5238.8,78797.75,15
,2005,12,680,3702.1,77086.375,15
,2005,1,680,2412.7,54332.15,15
,2005,2,680,1130.6,26315.3,15
,2005,3,680,1339.1,30798.55,15
,2005,10,681,974.3,12695.4,15
,2005,11,681,1698.6,27473.55,15
,2005,12,681,673,14133,15
,2005,1,681,1297.4,29496.4,15
,2005,2,681,330.5,7601.5,15
,2006,10,684,5303.6,67597.82,15
,2006,11,684,4978,76706.965,15
,2006,12,684,3114.7,64658.175,15
,2006,1,684,796.4,18058.025,15
,2006,2,684,890.3,20887.65,15
,2006,3,684,289.9,6687.05,15
,2007,10,685,436.21,5698.51,15
,2007,11,685,1618.67,24882.57,15
,2007,12,685,4399.1,89919.675,15
,2007,1,685,2078.3,46871.75,15
,2007,2,685,966.3,22289.49,15
,2007,3,685,641.2,14882.55,15
,2007,10,687,1885.4,24147,15
,2007,11,687,1177.6,18089.75,15
,2007,12,687,1596.7,32726.7,15
,2007,1,687,255.45,5520.2,15
,2007,2,687,303.1,7081.3,15
,2008,10,688,4098.2,53298.85,15
,2008,11,688,4513.7,68186.875,15
,2008,12,688,5139.4,102366.93,15
,2008,1,688,4358.1,98037.425,15
,2008,2,688,2964.2,69113.575,15
,2008,3,688,2255.2,52096.7,15
,2009,10,689,4112.3,47396.375,15
,2009,11,689,2856.76,43332.82,15
,2009,12,689,4016.7,82590.65,15
,2009,1,689,2688.15,58617.45,15
,2009,2,689,3671,86065.25,15
,2009,3,689,4158.5,91822.2,15
,2010,10,690,2180.7,28508.5,15
,2010,11,690,2689.2,40630.15,15
,2010,12,690,1886.3,38438.15,15
,2010,1,690,1233.5,27734.25,15
,2010,2,690,531.5,12521.75,15
,2010,3,690,480.7,11249.45,15
,2010,10,707,372.8,4710.25,15
,2010,11,707,627.8,10036.55,15
,2010,12,707,312.5,6674.25,15
,2010,1,707,610.35,13773.9,15
,2010,2,707,208.8,4802.4,15
,2010,3,707,192.3,4317.7,15
,2012,10,708,14299.3,184003.625,15
,2012,11,708,6620.4,102527.765,15
,2012,12,708,3620.1,74728.125,15
,2013,1,708,3439.2,77705.475,15
,2013,2,708,4105.7,94131.475,15
,2013,3,708,3169.6,69630.8,15
,2012,10,709,1901.2,24278.945,15
,2012,11,709,3266,48953.25,15
,2012,12,709,1376.5,28281,15
,2013,1,709,609,14068.25,15
,2013,2,709,1074.4,25013.65,15
,2013,3,709,302.2,7101.7,15
,2012,10,710,2024.8,25931.65,15
,2012,11,710,1645,25071.5,15
,2012,12,710,416.4,8597.4,15
,2013,2,710,200.5,4722,15
,2013,3,710,13.4,0,15
,2011,10,711,4769,60855.125,15
,2011,11,711,2019.8,30661.15,15
,2011,12,711,1450.6,29833.75,15
,2011,1,711,1929.7,43373.1,15
,2011,2,711,477.2,10929.5,15
,2011,3,711,592.7,13928.45,15
,2012,10,720,4950.1,64360.975,15
,2012,11,720,2534.1,38503.6,15
,2012,12,720,2432,47638.1,15
,2012,1,720,3090.9,61709.05,15
,2012,2,720,1336.5,29380.15,15
,2012,3,720,350.9,6977,15
,2012,10,737,1036.6,13424.45,15
,2012,12,737,147.2,3091.2,15
,2012,3,737,119.2,2771.4,15
,2013,10,738,11678.8,155461.05,15
,2013,11,738,4358.05,66775.325,15
,2013,12,738,1955.3,39751.7,15
,2013,1,738,920.2,20107.875,15
,2013,2,738,523.1,11165.775,15
,2013,3,738,181.9,4069.275,15
,2014,10,757,10361.5,138540.5,15
,2014,11,757,5335.35,82298.525,15
,2014,12,757,3249.7,68080.325,15
,2014,1,757,1072.8,24158.525,15
,2014,2,757,657.6,15056.55,15
,2014,3,757,196.7,4229.175,15
,2012,10,761,3454.4,44651.275,15
,2012,11,761,2684.7,40820.775,15
,2012,12,761,839.9,16653.225,15
,2013,1,761,469.3,10400.1,15
,2013,2,761,155.3,3571.9,15
,2012,10,762,6497.45,84626.425,15
,2012,11,762,3268.54,52250.635,15
,2012,12,762,2748.76,55980.92,15
,2013,1,762,2178.55,48084.625,15
,2013,2,762,928.8,20145.85,15
,2013,3,762,196.25,4016.9,15
,2014,10,765,1966.4,24986.525,15
,2014,11,765,1120.2,16483.95,15
,2014,12,765,456.2,9229.8,15
,2014,1,765,287.9,6621.7,15
,2014,2,765,193.6,3926.25,15
,2014,3,765,61.2,1224,15
,2012,11,768,81.3,1219.5,15
,2012,10,807,1262.6,16709.075,15
,2012,11,807,3536,54669.875,15
,2012,12,807,762.3,15347.95,15
,2013,1,807,639,13578.3,15
,2013,2,807,230.6,5092,15
,2013,3,807,137.9,2987.65,15
,2012,10,814,1121,14469,15
,2012,11,814,2933.8,44076.06,15
,2012,12,814,3517,72620.5,15
,2013,1,814,2039.5,45145.875,15
,2013,2,814,1117,25953.675,15
,2015,10,821,4618.75,60304.4,15
,2015,11,821,1291.4,21712,15
,2015,12,821,1735.7,34684.9,15
,2015,1,821,1085.7,24499.1,15
,2015,2,821,582.7,13402.1,15
,2015,3,821,246,5465.1,15
,2016,10,842,14218.99,195596.14,15
,2016,11,842,5666.9,87623.8375,15
,2016,12,842,3041.05,58779.9,15
,2016,1,842,1553.11,34125.375,15
,2016,2,842,1335.55,29633.3,15
,2016,3,842,945.28,19005,15
,2017,10,860,65352.16,851489.1317,15
,2017,11,860,36951.51,565551.7625,15
,2017,12,860,20916.3,396271.21,15
,2017,1,860,9269.58,202721.085,15
,2017,2,860,5114.69,112764.705,15
,2017,3,860,1949.11,40398.57,15
,2017,10,877,2402.97,32264.26,15
,2017,11,877,1645.72,25120.49,15
,2017,12,877,1402.56,27340.76,15
,2017,1,877,669.25,14418.49,15
,2017,2,877,114.5,2576.25,15
,2018,10,878,104.2,1458.8,15
,2018,11,878,147.4,2284.7,15
,2018,12,878,601.8,11586.5,15
,2018,1,878,80.6,1853.8,15
,2003,10,654,9811.8,144849.825,16
,2003,11,654,3534.6,64951.575,16
,2003,12,654,3861.65,75839.2,16
,2003,1,654,4158.2,88234.6,16
,2003,2,654,2273.7,51858.75,16
,2004,3,654,1206.3,28951.2,16
,2004,10,657,814.9,12454,16
,2004,11,657,209.4,3769.2,16
,2004,12,657,86.6,1732,16
,2004,1,657,30.2,634.2,16
,2005,10,680,9483.6,144848.225,16
,2005,11,680,3294.1,62408.9,16
,2005,12,680,2411.65,48893,16
,2005,1,680,4940.6,111228.7,16
,2005,2,680,1564.35,35895.15,16
,2005,3,680,2441.3,61613.15,16
,2005,10,681,6034.3,93287.725,16
,2005,11,681,2828.3,54049.6,16
,2005,12,681,1880.9,37547.15,16
,2005,1,681,2552.8,55266.05,16
,2005,2,681,3093.4,73056.2,16
,2006,10,684,4070.1,63668.55,16
,2006,11,684,5070.2,93215.7,16
,2006,12,684,3015.2,60521.45,16
,2006,1,684,2203.7,48382.75,16
,2006,2,684,1652.9,38623.8,16
,2006,3,684,1094.45,26444.775,16
,2007,10,685,2497.7,36252.95,16
,2007,11,685,3680.69,68151.2,16
,2007,12,685,5547.03,109694.45,16
,2007,1,685,4723.59,99613.35,16
,2007,2,685,1070.76,24142.725,16
,2007,3,685,1095.7,25516.8,16
,2007,12,687,89.5,1790,16
,2007,1,687,810.2,17217.75,16
,2007,2,687,707.2,15983.4,16
,2007,3,687,622.2,13312.8,16
,2008,10,688,4677.2,70328.375,16
,2008,11,688,2460.7,46528.325,16
,2008,12,688,2926.4,58958.2,16
,2008,1,688,3919.8,83790.2,16
,2008,2,688,2543.4,58661.89,16
,2008,3,688,2430.1,58088.65,16
,2009,10,689,3096,44314.35,16
,2009,11,689,4850.73,87103.9,16
,2009,12,689,3054.36,60550,16
,2009,1,689,4204.15,88891.45,16
,2009,2,689,4142.35,94176.35,16
,2009,3,689,4058.2,95924.6,16
,2010,10,690,1270.8,18527.2,16
,2010,11,690,1205.3,22754.35,16
,2010,12,690,1356.6,25433.3,16
,2010,1,690,727.4,15674,16
,2010,2,690,1123.9,25945.3,16
,2010,3,690,320.4,6608.4,16
,2010,10,707,691.9,10282,16
,2010,11,707,888.2,16306.05,16
,2010,12,707,1275.9,25633.575,16
,2010,1,707,673.4,14661.5,16
,2010,2,707,222.8,5533.1,16
,2010,3,707,152.95,3900.225,16
,2013,10,708,16950.95,253472,16
,2013,11,708,9224.64,171337.76,16
,2013,12,708,3975.6,79233.4,16
,2014,1,708,3651.6,76684.2,16
,2014,2,708,1277.07,28811.62,16
,2014,3,708,1465.52,34767.205,16
,2013,10,709,1069.1,15218.025,16
,2013,11,709,209,3814.25,16
,2013,12,709,620.14,12786.84,16
,2014,1,709,483.3,9152.4,16
,2014,2,709,991.43,22288.07,16
,2014,3,709,1074.8,25567.8,16
,2013,10,710,531.7,8427.2,16
,2013,11,710,704.8,12732.2,16
,2013,12,710,194.08,4067.67,16
,2011,10,711,4554,67754.75,16
,2011,11,711,3011.5,54629.3,16
,2011,12,711,753.1,14962,16
,2011,1,711,740,15910,16
,2011,2,711,901.5,20620.5,16
,2011,3,711,896,21024,16
,2012,10,720,5195.65,77606.2,16
,2012,11,720,3482.3,64014.725,16
,2012,12,720,2699.1,51734.575,16
,2012,1,720,4106.2,85958.975,16
,2012,2,720,868.25,18495.15,16
,2012,3,720,483,10701,16
,2012,3,737,113.5,2750.025,16
,2013,10,738,7681.1,119866.5,16
,2013,11,738,2290.3,42618.95,16
,2013,12,738,1333.3,26493.775,16
,2013,1,738,619,13640.525,16
,2013,2,738,700,15830.7,16
,2013,3,738,958.75,22679.8,16
,2014,10,757,9889.5,154850.1,16
,2014,11,757,5541.78,104477.62,16
,2014,12,757,2557.45,49929.9625,16
,2014,1,757,1890.75,41811.3125,16
,2014,2,757,699,15990.075,16
,2014,3,757,348,8700,16
,2013,10,761,5916.3,86282.75,16
,2013,11,761,6059.1,106250.775,16
,2013,12,761,759.45,14490.15,16
,2014,1,761,942.1,19196.875,16
,2014,2,761,173.4,3586.4,16
,2014,3,761,43.8,963.6,16
,2013,10,762,4319.95,61949.65,16
,2013,11,762,1550.8,28210.6,16
,2013,12,762,1512.3,29393.425,16
,2014,1,762,931.95,19914.75,16
,2014,2,762,413.1,8973.45,16
,2014,3,762,293.4,6504.75,16
,2014,10,765,1895.2,27090.25,16
,2014,11,765,1521.4,26857.7,16
,2014,12,765,1108.2,21794.8,16
,2014,1,765,2278.15,47723.1,16
,2014,2,765,1233.3,28589.55,16
,2014,3,765,441.7,10600.8,16
,2013,10,807,2831.92,40704.955,16
,2013,11,807,3335.8,61133.925,16
,2013,12,807,1020.65,20638.525,16
,2014,1,807,755.31,16386.8,16
,2014,2,807,739.94,16751.0075,16
,2014,3,807,483.25,11644.45,16
,2013,10,814,685,9200,16
,2013,11,814,1625.2,29603.65,16
,2013,12,814,2520,50050,16
,2014,1,814,3193.6,67820.1,16
,2014,2,814,1783.5,41482.5,16
,2014,3,814,153.5,3684,16
,2015,10,821,5131.16,85372.44,16
,2015,11,821,1168.82,22075.15,16
,2015,12,821,757.83,14860.9175,16
,2015,1,821,291.9,6275.8,16
,2015,2,821,192,4416,16
,2015,3,821,137.4,3297.6,16
,2016,10,842,3299.43,51134.76,16
,2016,11,842,1632.9,29098.15,16
,2016,12,842,997.7,19053.36,16
,2016,1,842,769.6,16835.15,16
,2016,2,842,389.6,9000.1,16
,2016,3,842,370.4,7964.25,16
,2017,10,860,63897.72,948379.635,16
,2017,11,860,32526.6,587214.385,16
,2017,12,860,31893.73,607741.8525,16
,2017,1,860,12948.14,271039.565,16
,2017,2,860,4419.58,100421.39,16
,2017,3,860,2238.65,54123.67,16
,2017,10,877,1463.67,22039.7275,16
,2017,12,877,962.97,17250.86,16
,2017,1,877,475.3,10459.6,16
,2017,2,877,98.6,2140.6,16
,2017,3,877,21.32,533,16
,2018,11,878,65,1202.5,16
,2018,1,878,185.4,3803.9,16
,2004,10,654,21185.46,355211.675,17
,2004,11,654,5817.13,113460.45,17
,2004,12,654,9115.42,205450.2,17
,2004,1,654,4798.6,114684.375,17
,2004,2,654,3270.75,79075.7,17
,2004,3,654,1150.2,27724.55,17
,2004,11,657,635.8,11618,17
,2004,12,657,643.5,14423,17
,2004,1,657,732,17446,17
,2004,2,657,388,9243.5,17
,2004,3,657,44,1100,17
,2005,10,680,17193,288461.5,17
,2005,11,680,5670.58,109629.9925,17
,2005,12,680,6288.96,145003.545,17
,2005,1,680,2743.19,65599.75,17
,2005,2,680,3519.9,85386.05,17
,2005,3,680,673.8,15741.9,17
,2005,10,681,4984.35,85035,17
,2005,11,681,963,18230,17
,2005,12,681,933,22423,17
,2005,1,681,5134.05,125814.45,17
,2005,2,681,2398.3,57770,17
,2005,3,681,1756.2,43026.9,17
,2006,10,684,5986,100233.275,17
,2006,11,684,4367.2,85736.7,17
,2006,12,684,5360.85,125417.475,17
,2006,1,684,3272.2,80218.75,17
,2006,2,684,2519.3,61355.2,17
,2006,3,684,879.3,21554.35,17
,2007,10,685,10553.91,180115.3625,17
,2007,11,685,8498.65,169699.025,17
,2007,12,685,8577.95,193113.1,17
,2007,1,685,4239,101316.275,17
,2007,2,685,3238.59,77055.33,17
,2007,3,685,2027.3,48189.6,17
,2008,10,687,1150,20664,17
,2008,11,687,2431.2,48016.45,17
,2008,12,687,3115.2,62941,17
,2008,1,687,7535.3,174187.5,17
,2008,2,687,2692.55,63506.05,17
,2008,3,687,3287,78395.7,17
,2008,10,688,5656.5,94963.3,17
,2008,11,688,6133.9,121067.15,17
,2008,12,688,12113.15,272626.4,17
,2008,1,688,5592.35,132787.3,17
,2008,2,688,4907.6,116265.8,17
,2008,3,688,2926.72,66509,17
,2009,10,689,4703.5,76912.5,17
,2009,11,689,3754.2,73071.9,17
,2009,12,689,5043.2,111669.4,17
,2009,1,689,6713.6,153981.395,17
,2009,2,689,5008.7,119731.8,17
,2009,3,689,4778,115221.3,17
,2010,10,690,1729.2,29154,17
,2010,11,690,1119.2,22349.25,17
,2010,12,690,1552.8,35103.35,17
,2010,1,690,2212.5,51157,17
,2010,2,690,1129,26168,17
,2010,3,690,1086.3,25244,17
,2010,10,707,1119.05,19484.9,17
,2010,11,707,1376.25,28120.025,17
,2010,12,707,975.2,23086.8,17
,2010,1,707,1078.4,26578.05,17
,2010,2,707,177.5,3895.5,17
,2010,3,707,85,2125,17
,2014,10,708,19341.5,318777.975,17
,2014,11,708,9174.22,177441.55,17
,2014,12,708,7608.56,173137.2,17
,2015,1,708,5168.98,124355.275,17
,2015,2,708,2381.25,56746.55,17
,2015,3,708,1341.03,31892.8,17
,2014,10,709,1731.1,27408.6,17
,2014,11,709,289.2,5494.8,17
,2014,12,709,2488.55,56940.55,17
,2015,2,709,497.4,12076.05,17
,2015,3,709,259.5,5902.05,17
,2014,10,710,2536.1,40812.2,17
,2014,11,710,214.2,3845.55,17
,2014,12,710,3218.2,71035.9,17
,2015,1,710,850,19989,17
,2015,2,710,493,11352,17
,2011,10,711,4607.6,75763.1,17
,2011,11,711,335.45,6586.275,17
,2011,12,711,1028,21661,17
,2011,1,711,2841.7,66466.7,17
,2011,2,711,1775.2,42670.4,17
,2011,3,711,955,22347.25,17
,2012,10,720,8940.5,148174.6,17
,2012,11,720,5816.3,112299.425,17
,2012,12,720,5854.5,128096.6,17
,2012,1,720,2267.1,52560.05,17
,2012,2,720,1281.1,29732.5,17
,2012,3,720,105.8,2433.4,17
,2012,10,737,126,1890,17
,2012,11,737,107.4,2067.45,17
,2012,12,737,142.3,3323.2,17
,2012,1,737,27.5,687.5,17
,2012,3,737,555.3,13316.85,17
,2013,10,738,9368.6,154934.475,17
,2013,11,738,1537,29224.375,17
,2013,12,738,3151.45,72332.4,17
,2013,1,738,919.2,21981.85,17
,2013,2,738,1235.8,30265.55,17
,2013,3,738,340.4,8254.15,17
,2014,10,757,21876.98,364836,17
,2014,11,757,5992.55,116196.4625,17
,2014,12,757,4886.98,109244.07,17
,2014,1,757,1560.54,38390.85,17
,2014,2,757,2544.9,62620.2,17
,2014,3,757,384.8,7913.65,17
,2014,10,761,4010.15,66206.8,17
,2014,11,761,1087.2,19776.9,17
,2014,12,761,149.4,3062.7,17
,2015,2,761,193.6,4193.6,17
,2014,10,762,6719.4,109413.575,17
,2014,11,762,2239.97,43126.92,17
,2014,12,762,2178.5,46399.9,17
,2015,1,762,1682.4,38832.75,17
,2015,2,762,344.7,8018.2,17
,2015,3,762,292,6656.85,17
,2014,10,765,2142.5,36005.15,17
,2014,11,765,745,15309,17
,2014,12,765,281.5,5848.5,17
,2014,1,765,1267,29441.5,17
,2015,3,765,46,1104,17
,2014,10,807,4652.1,75868.325,17
,2014,11,807,1985.5,37814.3,17
,2014,12,807,957,20798.65,17
,2015,1,807,432,10381,17
,2015,2,807,380.3,8928.4,17
,2015,3,807,1203.2,27758.95,17
,2014,10,814,1964.1,32576.9,17
,2014,11,814,3319.8,65131.4,17
,2014,12,814,3402.4,77036,17
,2015,1,814,1588.5,36877.45,17
,2015,2,814,1699,39570,17
,2015,3,814,158,2064,17
,2015,10,821,6573.32,105939.715,17
,2015,11,821,837.42,15792.605,17
,2015,12,821,575.6,12838.98,17
,2015,1,821,825.92,19647.36,17
,2015,2,821,411.38,9931.9,17
,2015,3,821,40.06,981.47,17
,2016,10,842,5770.11,93372.46,17
,2016,11,842,2540.4,46619.05,17
,2016,12,842,1297.3,25602.2,17
,2016,1,842,440.6,9936,17
,2016,2,842,630.34,14715.14,17
,2016,3,842,276.52,6401.09,17
,2017,10,860,95116.59,1513994.17,17
,2017,11,860,32266.84,586100.6575,17
,2017,12,860,16289.42,343657.4275,17
,2017,1,860,7501.13,171649.03,17
,2017,2,860,3597.13,84391.715,17
,2017,3,860,1048.66,24053.67,17
,2017,12,877,178.7,3630,17
,2017,1,877,81.9,1753.4,17
,2017,3,877,28.9,173.8,17
,2018,11,878,187.1,3545.8,17
,2018,12,878,239.4,5198.8,17
,2018,1,878,92.6,1830.8,17
,2004,10,654,15424.39,245764.81,18
,2004,11,654,6135.8,133756.545,18
,2004,12,654,5371.76,123438.815,18
,2004,1,654,5682.4,117440.4125,18
,2004,2,654,2676.71,56787.495,18
,2004,3,654,2264.05,46177.25,18
,2004,11,657,162.9,3909.6,18
,2004,1,657,69.4,1561.5,18
,2005,10,680,6952.58,112734.37,18
,2005,11,680,2047.9,46685.3,18
,2005,12,680,8472.85,188552.2,18
,2005,1,680,10532.1,199362.15,18
,2005,2,680,4109.05,75281.6,18
,2005,3,680,3281.15,58998.75,18
,2005,10,681,807.4,13608.2,18
,2005,11,681,1301.65,30634.9,18
,2005,12,681,433.5,9970.5,18
,2005,1,681,229.55,5481.2,18
,2005,2,681,676.4,12513.4,18
,2006,10,684,7498.7,117433.9,18
,2006,11,684,6963.5,157959.15,18
,2006,12,684,7574.06,168905.115,18
,2006,1,684,5278.5,101978.3375,18
,2006,2,684,2953,54045.6,18
,2006,3,684,2262.2,41186.1,18
,2007,10,685,9098.55,146112.4875,18
,2007,11,685,12463.15,267434.965,18
,2007,12,685,16503.99,353354.69,18
,2007,1,685,6683.3,126186.6,18
,2007,2,685,5513.2,107456.85,18
,2007,3,685,2030.3,39216.45,18
,2008,11,687,562.4,11363.8,18
,2008,12,687,846.8,19207.9,18
,2008,1,687,1335.2,25495.2,18
,2008,10,688,5584.93,89664.08,18
,2008,11,688,5805.6,120115.1,18
,2008,12,688,11717.8,255675.2,18
,2008,1,688,8616.1,163313.95,18
,2008,2,688,6664.2,124249.55,18
,2008,3,688,2893.55,52253.2,18
,2009,10,689,1327.9,20576,18
,2009,11,689,1863.15,43714.5,18
,2009,12,689,6349.55,138839.425,18
,2009,1,689,6711.65,133420.4,18
,2009,2,689,3599.7,71869.975,18
,2009,3,689,3916.15,75866.3,18
,2010,11,690,669.5,15265.25,18
,2010,12,690,1157,24797.5,18
,2010,1,690,1869,35148,18
,2010,2,690,1851,35559,18
,2010,3,690,1001,19261.5,18
,2010,10,707,906.3,15801.95,18
,2010,11,707,827.1,20257.4,18
,2010,12,707,2054.1,41907.55,18
,2010,1,707,1561.3,32288.3,18
,2010,2,707,358.9,6507.1,18
,2015,10,708,5157,82351,18
,2015,11,708,4105.2,91498.5,18
,2015,12,708,5948.5,135428.2,18
,2016,1,708,4574.95,97833.5625,18
,2016,2,708,2205.25,47814.025,18
,2016,3,708,1588.8,33108.1,18
,2015,10,709,3061.18,49629.105,18
,2015,12,709,1245.15,28706.45,18
,2016,1,709,316.9,6382.95,18
,2016,2,709,1138.7,21598.25,18
,2016,3,709,1137.2,21291.75,18
,2015,10,710,1573,24408.7,18
,2015,11,710,455.7,9613.85,18
,2015,12,710,895,19878,18
,2016,1,710,988.11,20977.84,18
,2016,3,710,603.7,11864.95,18
,2011,10,711,2147.4,33812.75,18
,2011,11,711,1330.1,28848.7,18
,2011,12,711,2261.25,48401.825,18
,2011,1,711,4173.5,80295.5,18
,2011,2,711,2590.5,50262,18
,2011,3,711,2659.6,49967.6,18
,2012,10,720,4770.3,74762.6,18
,2012,11,720,3293.85,77564.775,18
,2012,12,720,3683.25,83354,18
,2012,1,720,3149.2,69944.75,18
,2012,2,720,724.5,15708.6,18
,2012,3,720,371.6,7712.6,18
,2012,10,737,638.77,10530.35,18
,2012,11,737,106.72,2561.28,18
,2012,12,737,1960.64,45439.86,18
,2012,1,737,926.15,20758.1,18
,2012,2,737,162.18,3548.12,18
,2012,3,737,124.7,2618.7,18
,2013,10,738,8804.85,141821.565,18
,2013,11,738,4370.13,101115.915,18
,2013,12,738,7112.76,162062.66,18
,2013,1,738,4261.85,97845.285,18
,2013,2,738,697.95,15921.425,18
,2013,3,738,777.01,17157.105,18
,2014,10,757,11727.38,182880.11,18
,2014,11,757,4583.86,100481.445,18
,2014,12,757,4561.54,106258.03,18
,2014,1,757,3251.35,78543.255,18
,2014,2,757,554.77,12422.125,18
,2014,3,757,793.23,16232.1,18
,2015,10,761,3608.65,59676.35,18
,2015,11,761,1876.5,38704.5,18
,2015,12,761,583.3,13739.2,18
,2016,1,761,1113.6,24827.1,18
,2016,2,761,886.5,17129.75,18
,2015,10,762,2166.3,33237.35,18
,2015,11,762,2436.9,57396.35,18
,2015,12,762,4544.2,102385.85,18
,2016,1,762,4400.85,99163.55,18
,2016,2,762,1355.4,29646.05,18
,2016,3,762,577.1,11745.3,18
,2015,10,765,2526.6,36886.55,18
,2015,11,765,5694.4,122745.69,18
,2015,12,765,3626.77,72804.71,18
,2015,1,765,1176.65,22947.85,18
,2015,2,765,1949.18,37730.3,18
,2015,3,765,808.85,15869.695,18
,2015,10,769,10.7,203.3,18
,2015,10,807,220.05,3687.55,18
,2015,11,807,320.6,7032.05,18
,2015,12,807,268.82,6489.18,18
,2016,1,807,98,2352,18
,2016,2,807,189,4536,18
,2016,3,807,179,4296,18
,2015,10,814,1825,30530,18
,2015,11,814,3847,85202.25,18
,2015,12,814,2316,49251,18
,2016,1,814,2698,53632,18
,2016,2,814,1553,30777.5,18
,2016,3,814,567,10841,18
,2015,11,815,434,10034.5,18
,2015,10,821,1824.47,29006.66,18
,2015,11,821,601.24,13325.96,18
,2015,12,821,56.92,1366.08,18
,2015,2,821,274,6151,18
,2015,3,821,195.3,4272,18
,2016,10,842,3337.7,51826.15,18
,2016,11,842,670.8,14774.15,18
,2016,12,842,408.8,9253.85,18
,2016,1,842,734.05,16343.025,18
,2016,2,842,1214.1,26980.85,18
,2016,3,842,130.6,537.6,18
,2017,10,860,64717.29,1026892.265,18
,2017,11,860,29475.78,657300.74,18
,2017,12,860,12860.81,296943.09,18
,2017,1,860,6265.87,141378.22,18
,2017,2,860,2550.37,55047.98,18
,2017,3,860,874.36,18321.5,18
,2017,10,877,315.86,5046.765,18
,2017,11,877,220.8,4736.5,18
,2017,12,877,57.2,1344.2,18
,2017,1,877,121.5,2673,18
,2017,2,877,62.76,1506.24,18
,2018,10,878,376.05,6318.85,18
,2018,11,878,636.8,14508.6,18
,2018,12,878,455.4,10729.9,18
,2018,1,878,32.85,755.55,18
,2018,2,878,52.5,1101.4,18
,2004,10,654,22538.2,250667.225,19
,2004,11,654,5204.61,112505.93,19
,2004,12,654,4219.51,93068.95,19
,2004,1,654,6420.75,144531.2,19
,2004,2,654,4593,96345.1,19
,2004,3,654,1791.36,29659.15,19
,2005,10,680,5942.95,113431.1,19
,2005,11,680,2142.84,47774.325,19
,2005,12,680,3592.05,78213.225,19
,2005,1,680,3904.05,86372.565,19
,2005,2,680,2447.5,49188.05,19
,2005,3,680,3470.1,58332.25,19
,2005,10,681,2028.4,39082.2,19
,2005,11,681,962.4,20507.1,19
,2005,12,681,654.1,14372.7,19
,2005,1,681,1741,37664,19
,2006,2,681,910.5,17727.25,19
,2006,3,681,111,1998,19
,2006,10,684,6149.17,115046.32,19
,2006,11,684,5091.17,108055.3,19
,2006,12,684,2474.55,54086.025,19
,2006,1,684,4980.55,107843.4,19
,2006,2,684,2777.85,57136.85,19
,2006,3,684,1424,24795.1,19
,2007,10,685,4217.74,81360.4,19
,2007,11,685,4412.42,92687.8,19
,2007,12,685,6264.64,135365.1725,19
,2007,1,685,12291.39,266987.565,19
,2007,2,685,2196.23,45260.5225,19
,2007,3,685,3195.25,57745.225,19
,2008,10,687,1226.1,23305,19
,2008,11,687,545.25,11918.325,19
,2008,12,687,403.5,7716.25,19
,2008,1,687,1042,23015,19
,2008,2,687,301.7,5976,19
,2008,3,687,955.1,15724,19
,2008,10,688,2392.5,45689.5,19
,2008,11,688,2238.09,46703.95,19
,2008,12,688,3344.7,72170.95,19
,2008,1,688,5983.62,130572.2,19
,2008,2,688,5894,118646.65,19
,2008,3,688,3549.6,64079.75,19
,2009,10,689,1401.9,27167.9,19
,2009,11,689,2014.6,42188.9,19
,2009,12,689,2875.1,61328.275,19
,2009,1,689,7081.35,154358.15,19
,2009,2,689,5248.25,107961.85,19
,2009,3,689,9723.8,172573.55,19
,2010,10,690,768,14760,19
,2010,11,690,411.5,8621.25,19
,2010,12,690,418.3,8634.9,19
,2010,1,690,618.5,13431,19
,2010,2,690,595,12476.5,19
,2010,3,690,393.8,6943.5,19
,2010,10,707,1428.23,27729.44,19
,2010,11,707,671.3,14909.36,19
,2010,12,707,330.99,7375.6475,19
,2010,1,707,277.76,6231.28,19
,2010,2,707,207.54,4373.4975,19
,2016,10,708,10393.82,200121.78,19
,2016,11,708,5633.23,120005.605,19
,2016,12,708,5347.57,115618.2925,19
,2017,1,708,7356.5,161776.8625,19
,2017,2,708,1640.6,33405.725,19
,2017,3,708,717,13602.3,19
,2016,10,709,733.8,14079.1,19
,2016,11,709,282.3,5810.35,19
,2016,12,709,1045.28,22044.9,19
,2017,1,709,4865.9,104581.8,19
,2017,2,709,2511.48,51539.715,19
,2017,3,709,1245,20734.8,19
,2016,10,710,2578.28,49747.95,19
,2016,11,710,1346.33,28782.35,19
,2016,12,710,1243.6,27015.4,19
,2017,1,710,1310.31,28414.49,19
,2017,2,710,1255.97,25715.0125,19
,2017,3,710,1126.43,19618.34,19
,2011,10,711,2371.1,45410.8,19
,2011,11,711,1957.5,41436.2,19
,2011,12,711,844.9,18277.3,19
,2011,1,711,1671.09,36187.28,19
,2011,2,711,1828.55,37121.27,19
,2011,3,711,969.8,16051.65,19
,2012,10,720,6571,125971.05,19
,2012,11,720,3443.65,73657.775,19
,2012,12,720,1360.4,29418.5,19
,2012,1,720,2917.5,63686.3,19
,2012,2,720,2136.1,43100.1,19
,2012,3,720,1107.4,19990.5,19
,2012,10,737,122.2,2260.7,19
,2012,12,737,113.75,2540.125,19
,2012,1,737,1014.8,23242.4,19
,2012,2,737,11.5,258.75,19
,2013,10,738,4750.9,91608.075,19
,2013,11,738,2271.6,51182.2625,19
,2013,12,738,1393.25,30422.2,19
,2013,1,738,1716.05,37944.525,19
,2013,2,738,789.15,15317.2,19
,2013,3,738,404.4,7448.75,19
,2014,10,757,5714.75,110814.35,19
,2014,11,757,1972.7,44192.4625,19
,2014,12,757,1118.7,24842.1,19
,2014,1,757,2318.6,52860.15,19
,2014,2,757,735.65,15854.7875,19
,2014,3,757,455.35,7240.175,19
,2016,10,761,2001.32,36554.38,19
,2016,11,761,297.3,5962,19
,2017,3,761,170.9,3219,19
,2016,10,762,4201.23,79852.14,19
,2016,11,762,1156,24323,19
,2016,12,762,1441.25,32326.3,19
,2017,1,762,1895.65,42671.1,19
,2017,2,762,964.55,20074.95,19
,2017,3,762,455.1,8156.25,19
,2015,10,765,6665.45,128902.8,19
,2015,11,765,10893,232350.7625,19
,2015,12,765,8776.09,186309.785,19
,2015,1,765,5988.05,124740.7575,19
,2015,2,765,3526.13,70521.16,19
,2015,3,765,1450.2,25176.55,19
,2016,12,769,28.9,650.25,19
,2017,3,769,189.4,3297.3,19
,2016,10,807,553.1,10502.6,19
,2016,11,807,86.26,1785.66,19
,2016,12,807,264.3,5883.34,19
,2017,1,807,184.5,4243.5,19
,2017,2,807,11,242,19
,2017,3,807,31.2,655.2,19
,2016,10,814,486,9627,19
,2016,11,814,498,9131,19
,2016,12,814,1008,21151.15,19
,2017,1,814,808,17204,19
,2017,2,814,699,14609.5,19
,2017,3,814,324,5713,19
,2015,10,821,3446.85,67253.275,19
,2015,11,821,632.35,14093.3,19
,2015,12,821,644.2,13857.6,19
,2015,1,821,143.8,3307.4,19
,2016,10,842,437.2,8424.9,19
,2016,11,842,1086.9,23992.35,19
,2016,12,842,25.4,555,19
,2016,2,842,21.5,408.5,19
,2016,3,842,73.3,1246.1,19
,2017,10,860,51982.59,1016794.565,19
,2017,11,860,22061.8,487957.945,19
,2017,12,860,12487.76,267657.695,19
,2017,1,860,7566.9,161312.145,19
,2017,2,860,4102.72,82508.71,19
,2017,3,860,2863.62,50445.69,19
,2017,10,877,181.79,3607.51,19
,2017,1,877,65,1104,19
,2017,2,877,31.9,673.2,19
,2018,10,878,91,1820,19
,2018,11,878,58.4,1290.3,19
,2018,12,878,36.5,839.5,19
,2018,1,878,80.1,1791.7,19
,2018,2,878,29.5,535.5,19
,2004,10,654,12068.66,209761.8,20
,2004,11,654,6153.92,117683.955,20
,2004,12,654,4983.51,95991.87,20
,2004,1,654,9609.19,187432.67,20
,2004,2,654,3201.39,62453.46,20
,2004,3,654,3051.1,57943.1,20
,2005,10,680,4813.28,83789.095,20
,2005,11,680,2842.4,53286.8,20
,2005,12,680,2467.9,45705.5,20
,2005,1,680,2788.7,53428.7,20
,2005,2,680,2947.05,56910.9,20
,2005,3,680,3170.5,62610.7,20
,2006,10,681,1699.05,30084.6,20
,2006,11,681,694.15,13018.25,20
,2006,12,681,1429.3,27187.4,20
,2006,1,681,3990.5,74219.4,20
,2006,2,681,492.6,9766.8,20
,2006,3,681,110,2200,20
,2006,10,684,3993.6,68096.9,20
,2006,11,684,5723.06,107661.06,20
,2006,12,684,5607.9,106706.425,20
,2006,1,684,7528.78,142270.4325,20
,2006,2,684,1356.14,26048.8,20
,2006,3,684,1994.36,39126.405,20
,2007,10,685,4282.55,72329.65,20
,2007,1,685,1665.34,32537.65,20
,2007,2,685,2050.93,40076.65,20
,2007,3,685,3317.55,63054.025,20
,2008,10,687,869.9,15053.4,20
,2008,11,687,437.95,8101.05,20
,2008,12,687,1985.68,37837.2525,20
,2008,1,687,1208.23,22269.155,20
,2008,2,687,296.8,5533.85,20
,2008,3,687,64.8,1296,20
,2008,10,688,2459.1,42462,20
,2008,11,688,3171.5,60407.6,20
,2008,12,688,8297.46,155665.585,20
,2008,1,688,13865.19,253476.14,20
,2008,2,688,4191.61,79029.75,20
,2008,3,688,5783.3,119704.2,20
,2009,10,689,5182.05,88083.05,20
,2009,11,689,4041.8,75070.7,20
,2009,12,689,3726,69550.85,20
,2009,1,689,8089.65,153234.45,20
,2009,2,689,5074.2,95424,20
,2009,3,689,9974.85,188878.3,20
,2010,10,690,22.7,385.9,20
,2010,11,690,233.1,4428.9,20
,2010,12,690,1056.2,19925.3,20
,2010,1,690,450.7,8527.3,20
,2010,2,690,133,2460.5,20
,2010,3,690,278.6,5293.4,20
,2010,10,707,950.47,16157.99,20
,2017,10,708,4133.03,69990.22,20
,2017,11,708,14,266,20
,2018,1,708,6537,126421.45,20
,2018,2,708,2925.55,56003.4,20
,2018,3,708,1875.8,36706,20
,2017,10,709,1856.17,33051.085,20
,2017,11,709,1716.8,32107.8,20
,2017,12,709,1667.2,31374.7,20
,2018,1,709,625.62,12512.4,20
,2018,3,709,766.55,15400.95,20
,2017,10,710,1415.77,24892.995,20
,2017,11,710,3457.2,64260.9,20
,2017,12,710,1690.95,32539.965,20
,2018,1,710,1309.6,24508.1,20
,2018,2,710,1868.24,36810.69,20
,2018,3,710,1438.05,28761,20
,2011,10,711,2271.6,39441.8,20
,2011,11,711,1259.35,22587.8105,20
,2011,12,711,1534.6,28807.9,20
,2011,1,711,904.5,17870,20
,2011,2,711,650.7,12306.3,20
,2011,3,711,789.2,15351,20
,2012,10,720,4500.1,79407.6,20
,2012,11,720,2794.81,51403.9,20
,2012,12,720,1985.3,37449,20
,2012,1,720,2286.1,43739.725,20
,2012,2,720,1501.1,29084.1,20
,2012,3,720,368.6,7089.8,20
,2012,10,737,283.2,5093.1,20
,2012,12,737,84.75,1695,20
,2012,1,737,449.4,8988,20
,2012,2,737,16.85,358.0625,20
,2013,10,738,7706.46,134232.68,20
,2013,11,738,2049.4,38382.75,20
,2013,12,738,1113.55,21389.9,20
,2013,1,738,678.5,13094.775,20
,2013,2,738,198.35,4363.7,20
,2013,3,738,116.1,2319.325,20
,2014,10,757,13503.48,240175.789,20
,2014,11,757,3811.31,71343.725,20
,2014,12,757,2043.95,40401.975,20
,2014,1,757,1610.55,31197.9125,20
,2014,2,757,610.3,12753.5,20
,2014,3,757,432.13,9244.995,20
,2017,10,761,1813.93,31714.69,20
,2017,11,761,48,912,20
,2017,12,761,53.1,1062,20
,2018,1,761,38.2,764,20
,2017,10,762,2867.8,49965.8,20
,2017,11,762,2750.14,51369.61,20
,2017,12,762,995.01,19178.095,20
,2018,1,762,264,5086,20
,2018,2,762,60,1140,20
,2015,10,765,9380.1,161260.35,20
,2015,11,765,7334.05,136804.85,20
,2015,12,765,3693.45,69989.925,20
,2015,1,765,3615.65,69846.955,20
,2015,2,765,1641.4,32142.475,20
,2015,3,765,1593.98,30779.9,20
,2018,1,768,219.5,3951,20
,2017,11,769,102.8,1953.2,20
,2017,10,807,797.18,14099.24,20
,2017,11,807,170.54,3216.62,20
,2017,12,807,188,3626.825,20
,2018,1,807,7.4,148,20
,2017,10,814,787.5,13228,20
,2017,11,814,893,16723,20
,2017,12,814,2413,44368,20
,2018,1,814,2084.5,39559.5,20
,2018,2,814,861.7,15813,20
,2018,3,814,333.5,6353.5,20
,2015,10,821,2481.82,42883.51,20
,2015,11,821,108.4,2032.5,20
,2015,12,821,276.5,5253.5,20
,2015,1,821,276.1,5320.6,20
,2015,2,821,202.45,3855.95,20
,2016,10,842,2523.35,41937.4,20
,2016,11,842,1751.5,32330.05,20
,2016,12,842,999.85,19629.9,20
,2016,1,842,687.5,11826.91,20
,2016,2,842,701,13603.2,20
,2016,3,842,217.7,3666.8,20
,2017,10,860,62691.19,1065359.54,20
,2017,11,860,26196.23,484586.32,20
,2017,12,860,14257.7,277245.12,20
,2017,1,860,12056.01,235262.865,20
,2017,2,860,3036.01,60514.405,20
,2017,3,860,641.44,12097.08,20
,2017,10,877,1823.93,31107.575,20
,2017,11,877,536.95,10194.05,20
,2017,12,877,240.4,4567.6,20
,2017,1,877,328.95,6238.15,20
,2017,2,877,112.2,2244,20
,2018,10,878,53.6,892.65,20
,2018,11,878,103.4,1964.6,20
,2018,12,878,54,1053,20
,2018,1,878,186,3403.95,20
,2018,2,878,142.4,2831.6,20
,2018,3,878,63.4,1048.8,20